{"stats":{"minecraft:killed":{"born_in_chaos_v1:maggot":2,"minecraft:skeleton":3,"orcz:squig":2,"orcz:orcsavagemace":3,"orcz:orcsavageweird":1,"minecraft:husk":3,"spore:stalker":1,"minecraft:iron_golem":1,"minecraft:frog":3,"born_in_chaos_v1:decrepit_skeleton":2,"minecraft:sheep":5,"spore:inf_villager":3,"spore:inf_human":2,"minecraft:zombie":2,"spore:inf_witch":1,"orcz:snot":7,"minecraft:villager":3,"orcz:orcshield":4,"minecraft:cow":1},"minecraft:killed_by":{"born_in_chaos_v1:decaying_zombie_not_despawn":1,"orcz:orcsavagemace":1,"spore:inf_player":1},"minecraft:dropped":{"minecraft:mangrove_trapdoor":2,"minecraft:glass_bottle":1,"born_in_chaos_v1:orbofthe_summoner":1,"orcz:orcagaric":2,"minecraft:spruce_stairs":1,"minecraft:mushroom_stew":1,"minecraft:stick":10,"orcz:orceye":4,"minecraft:diorite":2,"minecraft:leather_horse_armor":1,"orcz:bone_1":1,"minecraft:wooden_axe":1,"minecraft:potion":2,"minecraft:iron_axe":1,"minecraft:tripwire_hook":1,"minecraft:white_wool":2,"spore:claw_fragment":3,"alexsmobs:animal_dictionary":1,"minecraft:dark_oak_sign":33,"minecraft:stone_shovel":1,"minecraft:rotten_flesh":9,"minecraft:oak_planks":46,"spore:mutated_fiber":6,"minecraft:carrot":17,"minecraft:chainmail_chestplate":2,"minecraft:filled_map":1,"minecraft:brick_stairs":1,"orcz:orcteeth":97,"born_in_chaos_v1:corpse_maggot":1,"minecraft:leather_leggings":1,"minecraft:barrel":1,"knightquest:small_essence":6,"minecraft:iron_bars":5,"minecraft:arrow":6,"minecraft:wooden_pickaxe":1,"minecraft:calcite":3},"minecraft:crafted":{"minecraft:oak_planks":36,"minecraft:furnace":2,"travelersbackpack:diamond":2,"minecraft:diamond":9,"minecraft:iron_boots":1,"minecraft:stone_pickaxe":1,"minecraft:wheat":342,"minecraft:crafting_table":3,"minecraft:wooden_pickaxe":1,"minecraft:bread":114,"minecraft:iron_chestplate":1,"minecraft:stick":8,"minecraft:iron_pickaxe":1,"minecraft:wooden_axe":1,"minecraft:iron_leggings":1,"minecraft:white_bed":1},"minecraft:broken":{"minecraft:iron_pickaxe":1},"minecraft:picked_up":{"minecraft:crafting_table":3,"minecraft:diamond_sword":1,"minecraft:gold_block":1,"minecraft:raw_copper":173,"minecraft:iron_axe":1,"minecraft:oak_sign":1,"minecraft:cracked_stone_bricks":1,"minecraft:beef":3,"minecraft:cyan_wool":6,"minecraft:calcite":3,"minecraft:sugar_cane":16,"minecraft:coal_block":7,"minecraft:spruce_trapdoor":1,"minecraft:furnace":3,"minecraft:stick":7,"minecraft:raw_iron":11,"minecraft:copper_ingot":25,"minecraft:oak_fence":5,"minecraft:spruce_stairs":1,"travelersbackpack:diamond_tier_upgrade":1,"orcz:orchorn":2,"orcz:squigs_claws":1,"tombstone:grave_dust":1,"minecraft:diorite":2,"travelersbackpack:crafting_upgrade":1,"minecraft:carrot":17,"minecraft:mangrove_trapdoor":2,"minecraft:dark_oak_planks":2,"minecraft:arrow":6,"minecraft:rotten_flesh":9,"minecraft:stone_shovel":1,"minecraft:hay_block":38,"minecraft:brick_stairs":1,"minecraft:mutton":8,"minecraft:iron_bars":5,"minecraft:white_wool":5,"minecraft:cobblestone":108,"born_in_chaos_v1:corpse_maggot":1,"orcz:orcteeth":97,"minecraft:tripwire_hook":1,"minecraft:leather":5,"minecraft:mushroom_stew":1,"minecraft:oak_log":9,"minecraft:chainmail_chestplate":1,"minecraft:dirt":5,"minecraft:bone":7,"minecraft:apple":13,"minecraft:iron_ingot":3,"minecraft:dark_oak_sign":33,"spore:mutated_fiber":6,"minecraft:oak_planks":4,"minecraft:book":60,"orcz:bone_1":1,"orcz:orcagaric":4,"orcz:blue_orcshroom":3,"minecraft:white_bed":1,"minecraft:diamond_block":1,"minecraft:barrel":1,"minecraft:dark_prismarine":2,"travelersbackpack:standard":1,"spore:claw_fragment":3,"minecraft:diamond":28,"knightquest:small_essence":6,"orcz:ironscrap":2,"tombstone:magic_scroll":1,"minecraft:oak_sapling":2,"orcz:orceye":4,"minecraft:coal":150,"minecraft:diamond_pickaxe":1},"minecraft:used":{"travelersbackpack:diamond":12,"minecraft:dirt":6,"minecraft:dark_oak_planks":2,"minecraft:wooden_axe":11,"minecraft:iron_axe":43,"minecraft:furnace":2,"tombstone:gift":3,"minecraft:stone_pickaxe":17,"minecraft:oak_planks":43,"minecraft:wooden_pickaxe":4,"minecraft:green_bed":1,"minecraft:cracked_stone_bricks":1,"minecraft:glow_berries":8,"orcz:bone_1":1,"minecraft:crafting_table":6,"minecraft:white_bed":1,"minecraft:dark_prismarine":2,"minecraft:diamond_pickaxe":5,"minecraft:bread":33,"minecraft:iron_pickaxe":250,"orcz:big_bone_1":1,"minecraft:spruce_trapdoor":1,"minecraft:diamond_sword":163,"minecraft:cobblestone":56,"minecraft:potion":1,"travelersbackpack:standard":12,"minecraft:experience_bottle":7},"minecraft:mined":{"minecraft:dark_oak_planks":2,"minecraft:dark_prismarine":2,"minecraft:white_bed":1,"minecraft:spruce_trapdoor":1,"minecraft:grass_block":2,"minecraft:brick_stairs":1,"minecraft:coal_block":7,"minecraft:spawner":7,"minecraft:hay_block":38,"minecraft:furnace":3,"minecraft:iron_ore":11,"minecraft:barrel":1,"minecraft:bookshelf":20,"minecraft:oak_sign":1,"minecraft:iron_bars":5,"minecraft:stone":111,"minecraft:glass_pane":1,"minecraft:powder_snow":12,"minecraft:oak_fence":5,"minecraft:crafting_table":3,"minecraft:calcite":3,"minecraft:tall_grass":2,"minecraft:copper_ore":41,"minecraft:cobblestone":2,"minecraft:oak_planks":5,"minecraft:sugar_cane":6,"minecraft:diorite":1,"minecraft:spruce_stairs":1,"minecraft:cyan_wool":6,"minecraft:grass":10,"minecraft:coal_ore":55,"minecraft:oak_log":9,"minecraft:dirt":3,"minecraft:cracked_stone_bricks":1,"minecraft:oak_leaves":1},"minecraft:custom":{"minecraft:interact_with_smithing_table":8,"minecraft:mob_kills":49,"minecraft:interact_with_crafting_table":23,"minecraft:open_barrel":20,"minecraft:damage_dealt_resisted":346,"minecraft:leave_game":4,"minecraft:time_since_death":77493,"minecraft:climb_one_cm":3362,"minecraft:sprint_one_cm":400873,"minecraft:walk_one_cm":407679,"minecraft:drop":107,"minecraft:talked_to_villager":5,"minecraft:play_time":154014,"minecraft:deaths":4,"minecraft:sneak_time":8226,"minecraft:walk_under_water_one_cm":6854,"minecraft:jump":2142,"minecraft:walk_on_water_one_cm":10692,"minecraft:total_world_time":154014,"minecraft:interact_with_furnace":7,"minecraft:sleep_in_bed":11,"minecraft:time_since_rest":7929,"minecraft:damage_taken":2151,"minecraft:damage_dealt":9070,"minecraft:swim_one_cm":50076,"minecraft:fly_one_cm":482240,"minecraft:open_chest":157,"minecraft:crouch_one_cm":21283,"tombstone:undead_killed":10,"tombstone:villager_killed":3,"minecraft:fall_one_cm":54303}},"DataVersion":3465}