{"stats":{"minecraft:crafted":{"minecraft:coal":9,"minecraft:crafting_table":1,"minecraft:spruce_planks":24,"minecraft:wooden_pickaxe":1,"minecraft:stick":4,"minecraft:stone_pickaxe":1,"minecraft:stone_sword":1},"minecraft:custom":{"minecraft:mob_kills":8,"minecraft:interact_with_crafting_table":5,"minecraft:damage_dealt_resisted":1883,"minecraft:leave_game":2,"minecraft:time_since_death":13263,"minecraft:sleep_in_bed":1,"minecraft:climb_one_cm":7231,"minecraft:time_since_rest":1013,"minecraft:sprint_one_cm":69017,"minecraft:walk_one_cm":61414,"minecraft:damage_taken":1153,"minecraft:drop":5,"minecraft:damage_dealt":923,"minecraft:swim_one_cm":1658,"minecraft:fly_one_cm":158349,"minecraft:open_chest":7,"minecraft:crouch_one_cm":2418,"minecraft:play_time":23725,"tombstone:undead_killed":4,"minecraft:deaths":3,"minecraft:sneak_time":1614,"minecraft:walk_under_water_one_cm":340,"minecraft:jump":550,"minecraft:walk_on_water_one_cm":2627,"minecraft:total_world_time":23725,"minecraft:inspect_dispenser":2,"minecraft:fall_one_cm":9416},"minecraft:dropped":{"spore:vent_plate":19,"alexsmobs:animal_dictionary":1,"born_in_chaos_v1:pieceofdarkmetal":2,"minecraft:stone_pickaxe":1,"minecraft:wooden_pickaxe":1},"minecraft:killed_by":{"spore:inf_hazmat":2},"minecraft:mined":{"spore:vent_plate":5,"minecraft:crafting_table":1,"minecraft:granite":2,"minecraft:chest":2,"minecraft:coal_block":4,"minecraft:spruce_leaves":2,"minecraft:spawner":3,"minecraft:fire":11,"minecraft:ice":3,"spore:cdu":2,"treechop:chopped_log":1,"minecraft:smooth_quartz":1,"spore:rusted_vent_plate":1,"minecraft:packed_ice":1,"minecraft:stone":15,"spore:frozen_reinforced_door":2},"minecraft:used":{"spore:cdu":2,"minecraft:stone_sword":28,"minecraft:stone_pickaxe":23,"minecraft:wooden_pickaxe":14,"minecraft:iron_sword":8,"spore:vent_door":1,"minecraft:crafting_table":1,"minecraft:granite":2,"minecraft:packed_ice":6,"minecraft:iron_boots":1,"minecraft:spruce_sapling":2,"minecraft:coal_block":3,"minecraft:cobblestone":9,"minecraft:bow":42,"minecraft:porkchop":6,"minecraft:ice":9,"spore:rusted_vent_plate":3},"minecraft:picked_up":{"spore:cdu":2,"minecraft:crafting_table":1,"born_in_chaos_v1:monster_flesh":1,"minecraft:packed_ice":18,"minecraft:ice":6,"minecraft:bone":5,"minecraft:bow":1,"minecraft:stone_pickaxe":1,"tombstone:bag_of_seeds":1,"spore:mutated_fiber":2,"minecraft:coal_block":4,"minecraft:chest":2,"spore:frozen_reinforced_door":2,"minecraft:iron_boots":1,"spore:vent_door":1,"minecraft:stick":1,"born_in_chaos_v1:shattered_skull":1,"minecraft:snow_block":5,"minecraft:porkchop":6,"minecraft:spruce_sapling":2,"minecraft:spruce_log":6,"born_in_chaos_v1:pieceofdarkmetal":2,"spore:rusted_vent_plate":3,"spore:vent_plate":19,"minecraft:arrow":56,"minecraft:rotten_flesh":1,"knightquest:small_essence":3,"minecraft:blue_ice":61,"minecraft:granite":2,"minecraft:mutton":1,"minecraft:snowball":1,"minecraft:white_wool":1,"minecraft:cobblestone":14},"minecraft:killed":{"spore:inf_hazmat":2,"born_in_chaos_v1:skeleton_thrasher_not_despawn":1,"minecraft:sheep":1,"minecraft:skeleton":2,"minecraft:zombie":1,"alexsmobs:tusklin":1}},"DataVersion":3465}