{"stats":{"minecraft:used":{"spore:cdu":2,"minecraft:flint_and_steel":1,"minecraft:iron_bars":7,"minecraft:enchanting_table":1,"minecraft:stone_sword":28,"minecraft:shield":28,"minecraft:spruce_planks":35,"minecraft:iron_sword":452,"minecraft:netherrack":9,"minecraft:torch":236,"spore:vent_door":1,"minecraft:dirt":8,"spore:frozen_reinforced_door":3,"minecraft:spruce_fence":2,"minecraft:granite":2,"minecraft:obsidian":14,"minecraft:packed_ice":62,"minecraft:bookshelf":18,"minecraft:iron_boots":1,"minecraft:stone_bricks":42,"aquaculture:diamond_fishing_rod":10,"minecraft:basalt":9,"minecraft:bow":61,"minecraft:sweet_berries":3,"minecraft:furnace":3,"minecraft:egg":1,"minecraft:cooked_beef":6,"spore:rusted_vent_plate":3,"aquaculture:tackle_box":1,"minecraft:water_bucket":37,"minecraft:stone_pickaxe":38,"minecraft:blackstone":1,"minecraft:wooden_pickaxe":14,"minecraft:diamond_axe":154,"minecraft:cobblestone_slab":8,"minecraft:sand":3,"minecraft:crafting_table":2,"minecraft:black_bed":1,"theinkarena:ink_bucket":2,"minecraft:redstone_torch":1,"minecraft:lever":5,"minecraft:diamond_pickaxe":497,"minecraft:apple":3,"minecraft:bread":56,"minecraft:string":1,"tombstone:magic_scroll":1,"minecraft:spruce_sapling":2,"minecraft:gravel":29,"minecraft:coal_block":3,"minecraft:porkchop":7,"travelersbackpack:standard":2,"minecraft:bucket":39,"minecraft:cobblestone":112,"minecraft:ice":18,"minecraft:kelp":27},"minecraft:killed":{"spore:inf_hazmat":2,"minecraft:cave_spider":7,"alexsmobs:raccoon":1,"minecraft:spider":5,"born_in_chaos_v1:skeleton_thrasher_not_despawn":1,"born_in_chaos_v1:maggot":3,"minecraft:skeleton":6,"theinkarena:ink_titan":1,"alexsmobs:blue_jay":1,"alexsmobs:banana_slug":1,"theinkarena:ink_brute":3,"born_in_chaos_v1:corpse_fish":3,"orcz:orcsavagemace":2,"alexsmobs:tusklin":1,"minecraft:pig":4,"spore:inf_player":1,"orcz:goblinsavagemace":1,"born_in_chaos_v1:glutton_fish":1,"spore:brute":1,"spore:inf_drowned":1,"minecraft:creeper":48,"theinkarena:soul_specter":3,"spore:inf_pillager":1,"minecraft:sheep":1,"alexsmobs:cockroach":1,"minecraft:zombie":7,"spore:inf_human":2,"knightquest:lizzy":1,"orcz:bigorcboss":1,"alexsmobs:crow":1,"theinkarena:titan_splotch":3,"orcz:goblin_2sword":1,"orcz:orcsavage_2sword":2,"orcz:snot":13,"minecraft:wither_skeleton":2,"orcz:orcshield":2},"minecraft:custom":{"minecraft:interact_with_anvil":3,"minecraft:mob_kills":140,"minecraft:interact_with_crafting_table":30,"minecraft:open_barrel":38,"minecraft:damage_dealt_resisted":1883,"minecraft:eat_cake_slice":3,"minecraft:leave_game":15,"minecraft:time_since_death":284245,"minecraft:climb_one_cm":13496,"minecraft:sprint_one_cm":778703,"minecraft:walk_one_cm":611063,"minecraft:damage_blocked_by_shield":1355,"minecraft:drop":131,"minecraft:talked_to_villager":7,"minecraft:play_time":294707,"minecraft:sneak_time":10256,"minecraft:deaths":3,"minecraft:walk_under_water_one_cm":34932,"minecraft:jump":3998,"minecraft:walk_on_water_one_cm":66149,"minecraft:enchant_item":1,"minecraft:total_world_time":294707,"minecraft:interact_with_furnace":14,"minecraft:traded_with_villager":1,"minecraft:sleep_in_bed":15,"minecraft:time_since_rest":2366,"minecraft:damage_taken":3051,"minecraft:trigger_trapped_chest":1,"minecraft:damage_dealt":22516,"minecraft:fly_one_cm":759569,"minecraft:swim_one_cm":57861,"minecraft:open_chest":255,"minecraft:crouch_one_cm":16872,"tombstone:undead_killed":16,"minecraft:fish_caught":6,"minecraft:fall_one_cm":84516,"minecraft:inspect_dispenser":2,"minecraft:horse_one_cm":20379},"minecraft:mined":{"create:zinc_ore":4,"minecraft:spruce_planks":7,"minecraft:red_nether_bricks":1,"minecraft:obsidian":14,"minecraft:lever":2,"minecraft:granite":2,"minecraft:stone_brick_wall":1,"minecraft:grass_block":2,"minecraft:redstone_wire":4,"minecraft:coal_block":12,"minecraft:spruce_leaves":20,"steam_powered:tin_ore":7,"minecraft:chiseled_stone_bricks":1,"minecraft:spawner":28,"minecraft:hay_block":50,"steam_powered:zinc_ore":13,"minecraft:fire":14,"spore:cdu":2,"minecraft:andesite":4,"treechop:chopped_log":22,"minecraft:nether_brick_stairs":3,"orcz:orcshroom":1,"minecraft:mossy_stone_brick_stairs":2,"minecraft:bookshelf":6,"minecraft:vine":3,"minecraft:deepslate_iron_ore":7,"minecraft:cobblestone_slab":2,"minecraft:iron_bars":8,"minecraft:packed_ice":1,"minecraft:stone":292,"spore:vent_plate":5,"minecraft:redstone_block":7,"minecraft:blackstone":1,"minecraft:kelp_plant":5,"minecraft:basalt":9,"minecraft:crafting_table":1,"minecraft:torch":2,"minecraft:chest":2,"minecraft:nether_quartz_ore":13,"minecraft:glass":14,"minecraft:cobblestone":32,"minecraft:diorite":4,"minecraft:wall_torch":11,"minecraft:light_blue_terracotta":1,"minecraft:ice":5,"minecraft:sweet_berry_bush":1,"minecraft:spruce_log":1,"minecraft:black_bed":1,"minecraft:grass":8,"minecraft:coal_ore":33,"minecraft:dirt":11,"minecraft:gravel":30,"minecraft:sand":35,"minecraft:smooth_quartz":1,"spore:rusted_vent_plate":1,"minecraft:cracked_stone_bricks":1,"minecraft:tripwire_hook":2,"minecraft:stone_bricks":4,"spore:frozen_reinforced_door":3,"minecraft:netherrack":19,"minecraft:oak_leaves":3,"minecraft:emerald_block":1,"minecraft:white_bed":1},"minecraft:crafted":{"minecraft:cobblestone_slab":6,"minecraft:coal":180,"minecraft:iron_nugget":9,"minecraft:lever":4,"minecraft:spruce_fence":3,"minecraft:bookshelf":18,"minecraft:flint_and_steel":1,"theinkarena:paper_airplane":1,"minecraft:stone_pickaxe":1,"minecraft:wheat":441,"minecraft:emerald":9,"minecraft:diamond_axe":2,"minecraft:crafting_table":2,"aquaculture:tackle_box":1,"minecraft:spruce_planks":744,"aquaculture:fishing_line":1,"minecraft:wooden_pickaxe":1,"aquaculture:diamond_fishing_rod":1,"minecraft:enchanted_book":1,"minecraft:bread":128,"minecraft:diamond_pickaxe":1,"minecraft:gold_nugget":9,"aquaculture:iron_hook":1,"minecraft:stick":72,"minecraft:iron_ingot":1,"minecraft:iron_block":1,"minecraft:stone_sword":1,"minecraft:gold_ingot":36,"minecraft:torch":308,"aquaculture:gold_hook":1},"minecraft:picked_up":{"useless_sword:prismarine_sword":1,"minecraft:iron_chestplate":1,"minecraft:crafting_table":1,"spore:mutated_heart":2,"minecraft:redstone_block":10,"minecraft:lead":1,"minecraft:packed_ice":18,"minecraft:stone_brick_wall":1,"minecraft:gold_block":1,"minecraft:potion":2,"minecraft:string":11,"spore:innards":1,"minecraft:iron_leggings":1,"minecraft:pufferfish":3,"minecraft:blackstone":1,"minecraft:cracked_stone_bricks":1,"theinkarena:ink_waste":1,"minecraft:spruce_planks":9,"steam_powered:raw_zinc":13,"minecraft:redstone_torch":1,"minecraft:cobblestone_slab":2,"alexsmobs:raccoon_tail":1,"minecraft:coal_block":12,"minecraft:chest":2,"minecraft:egg":1,"minecraft:iron_boots":3,"spore:frozen_reinforced_door":3,"minecraft:stick":36,"minecraft:raw_iron":5,"orcz:orcskull":2,"born_in_chaos_v1:shattered_skull":1,"minecraft:torch":95,"minecraft:spruce_stairs":8,"minecraft:porkchop":8,"minecraft:snow_block":5,"minecraft:diorite":5,"born_in_chaos_v1:pieceofdarkmetal":2,"minecraft:redstone":4,"minecraft:stone_pressure_plate":1,"minecraft:arrow":59,"minecraft:diamond_chestplate":1,"minecraft:rotten_flesh":4,"born_in_chaos_v1:sea_terror_eye":2,"orcz:orcshroom":6,"minecraft:hay_block":49,"tombstone:essence_of_undeath":1,"minecraft:glow_berries":3,"minecraft:obsidian":14,"minecraft:mutton":1,"minecraft:cod":1,"minecraft:iron_bars":10,"minecraft:snowball":1,"minecraft:cobblestone":580,"minecraft:white_wool":1,"spore:cdu":2,"born_in_chaos_v1:corpse_maggot":1,"minecraft:feather":2,"minecraft:basalt":9,"orcz:orcteeth":28,"minecraft:tripwire_hook":2,"born_in_chaos_v1:monster_flesh":1,"minecraft:iron_door":1,"minecraft:andesite":20,"minecraft:salmon":1,"minecraft:black_bed":1,"minecraft:ice":6,"minecraft:flint":1,"create:raw_zinc":8,"minecraft:gunpowder":62,"minecraft:dirt":92,"minecraft:bone":10,"minecraft:stone_bricks":4,"minecraft:kelp":40,"minecraft:bow":1,"minecraft:wheat_seeds":2,"minecraft:stone_pickaxe":1,"tombstone:bag_of_seeds":1,"spore:mutated_fiber":8,"aquaculture:minnow":1,"minecraft:glass_bottle":1,"minecraft:mossy_stone_brick_stairs":2,"minecraft:iron_sword":1,"minecraft:book":18,"spore:vent_door":1,"spore:cerebrum":1,"minecraft:emerald_block":1,"minecraft:cooked_porkchop":8,"minecraft:sweet_berries":3,"minecraft:chiseled_stone_bricks":1,"minecraft:white_bed":1,"spore:armor_fragment":6,"minecraft:quartz":13,"orcz:blue_orcshroom":1,"orcz:orcagaric":6,"minecraft:poisonous_potato":1,"minecraft:gravel":29,"minecraft:sand":35,"minecraft:spruce_sapling":50,"minecraft:nether_brick_stairs":3,"minecraft:spruce_log":151,"spore:rusted_vent_plate":3,"minecraft:spider_eye":3,"travelersbackpack:standard":1,"spore:vent_plate":19,"minecraft:light_blue_terracotta":1,"minecraft:diamond":7,"knightquest:small_essence":58,"minecraft:granite":10,"minecraft:lever":3,"steam_powered:raw_tin":9,"minecraft:blue_ice":61,"minecraft:bone_meal":2,"born_in_chaos_v1:rotten_fish":11,"minecraft:netherrack":16,"born_in_chaos_v1:sea_terror_stomach":1,"minecraft:coal":32},"minecraft:broken":{"minecraft:iron_sword":1},"minecraft:dropped":{"minecraft:bread":64,"minecraft:iron_ingot":6,"minecraft:porkchop":1,"minecraft:wheat_seeds":2,"minecraft:iron_sword":1,"minecraft:diamond_axe":1,"minecraft:poisonous_potato":1,"minecraft:cracked_stone_bricks":1,"minecraft:spruce_stairs":8,"minecraft:saddle":1,"born_in_chaos_v1:pieceofdarkmetal":2,"minecraft:cobweb":44,"minecraft:torch":147,"minecraft:iron_door":1,"minecraft:iron_leggings":3,"minecraft:lever":1,"spore:vent_plate":19,"alexsmobs:animal_dictionary":1,"tombstone:gift":1,"minecraft:iron_boots":2,"minecraft:iron_hoe":1,"spore:mutated_fiber":4,"minecraft:chiseled_stone_bricks":1,"minecraft:potato":44,"minecraft:spruce_planks":76,"minecraft:light_blue_terracotta":1,"minecraft:iron_chestplate":2,"minecraft:wooden_pickaxe":1,"minecraft:stone_brick_wall":1,"minecraft:stone_bricks":4,"minecraft:arrow":1,"minecraft:stone_pressure_plate":1,"minecraft:stone_pickaxe":1,"minecraft:spruce_log":93,"knightquest:small_essence":2},"minecraft:killed_by":{"spore:inf_hazmat":2}},"DataVersion":3465}