{"stats":{"minecraft:crafted":{"minecraft:coal":9,"minecraft:crafting_table":1,"minecraft:spruce_planks":24,"minecraft:wooden_pickaxe":1,"minecraft:stick":4,"minecraft:stone_pickaxe":1,"minecraft:stone_sword":1},"minecraft:custom":{"minecraft:mob_kills":29,"minecraft:interact_with_crafting_table":5,"minecraft:damage_dealt_resisted":1883,"minecraft:leave_game":4,"minecraft:time_since_death":21450,"minecraft:sleep_in_bed":1,"minecraft:climb_one_cm":7678,"minecraft:time_since_rest":9200,"minecraft:walk_one_cm":86304,"minecraft:sprint_one_cm":92654,"minecraft:damage_taken":1224,"minecraft:drop":5,"minecraft:damage_dealt":2387,"minecraft:swim_one_cm":7450,"minecraft:fly_one_cm":191135,"minecraft:open_chest":15,"minecraft:crouch_one_cm":2418,"minecraft:play_time":31912,"tombstone:undead_killed":4,"minecraft:deaths":3,"minecraft:sneak_time":1960,"minecraft:walk_under_water_one_cm":957,"minecraft:jump":720,"minecraft:walk_on_water_one_cm":6585,"minecraft:total_world_time":31912,"minecraft:inspect_dispenser":2,"minecraft:fall_one_cm":13733,"minecraft:horse_one_cm":13162},"minecraft:dropped":{"spore:vent_plate":19,"alexsmobs:animal_dictionary":1,"born_in_chaos_v1:pieceofdarkmetal":2,"minecraft:stone_pickaxe":1,"minecraft:wooden_pickaxe":1},"minecraft:killed_by":{"spore:inf_hazmat":2},"minecraft:mined":{"spore:vent_plate":5,"minecraft:crafting_table":1,"minecraft:granite":2,"minecraft:chest":2,"minecraft:coal_block":4,"minecraft:spruce_leaves":3,"minecraft:spawner":3,"minecraft:fire":11,"minecraft:ice":4,"spore:cdu":2,"treechop:chopped_log":1,"minecraft:smooth_quartz":1,"spore:rusted_vent_plate":1,"minecraft:packed_ice":1,"minecraft:stone":15,"spore:frozen_reinforced_door":2},"minecraft:used":{"spore:cdu":2,"minecraft:stone_sword":28,"minecraft:stone_pickaxe":24,"minecraft:wooden_pickaxe":14,"minecraft:iron_sword":48,"spore:vent_door":1,"minecraft:crafting_table":1,"minecraft:granite":2,"minecraft:packed_ice":12,"minecraft:bread":7,"minecraft:iron_boots":1,"minecraft:spruce_sapling":2,"minecraft:coal_block":3,"minecraft:bow":57,"minecraft:cobblestone":9,"minecraft:porkchop":6,"minecraft:ice":17,"spore:rusted_vent_plate":3},"minecraft:picked_up":{"spore:cdu":2,"minecraft:crafting_table":1,"orcz:orcteeth":27,"born_in_chaos_v1:monster_flesh":1,"minecraft:packed_ice":18,"minecraft:gold_block":1,"minecraft:ice":6,"minecraft:bone":5,"minecraft:bow":1,"minecraft:stone_pickaxe":1,"tombstone:bag_of_seeds":1,"spore:mutated_fiber":2,"minecraft:coal_block":4,"minecraft:chest":2,"spore:frozen_reinforced_door":2,"minecraft:iron_boots":1,"spore:vent_door":1,"minecraft:stick":1,"born_in_chaos_v1:shattered_skull":1,"orcz:orcskull":2,"orcz:orcagaric":5,"minecraft:snow_block":5,"minecraft:porkchop":6,"minecraft:spruce_sapling":2,"minecraft:spruce_log":6,"born_in_chaos_v1:pieceofdarkmetal":2,"spore:rusted_vent_plate":3,"spore:vent_plate":19,"minecraft:arrow":56,"minecraft:rotten_flesh":1,"minecraft:diamond":7,"orcz:orcshroom":5,"knightquest:small_essence":3,"minecraft:blue_ice":61,"minecraft:granite":2,"minecraft:mutton":1,"minecraft:snowball":1,"minecraft:white_wool":1,"minecraft:cobblestone":14},"minecraft:killed":{"spore:inf_hazmat":2,"born_in_chaos_v1:skeleton_thrasher_not_despawn":1,"minecraft:sheep":1,"minecraft:skeleton":2,"minecraft:zombie":1,"alexsmobs:banana_slug":1,"orcz:bigorcboss":1,"orcz:orcsavagemace":2,"alexsmobs:tusklin":1,"orcz:snot":13,"orcz:orcsavage_2sword":2,"orcz:orcshield":2}},"DataVersion":3465}