{"stats":{"minecraft:killed":{"minecraft:cave_spider":9,"orcz:goblinshield":2,"born_in_chaos_v1:door_knight_not_despawn":1,"minecraft:spider":9,"faded_conquest_2:toxicrow":13,"born_in_chaos_v1:baby_skeleton_minion":2,"minecraft:skeleton":26,"alexsmobs:leafcutter_ant":5,"orcz:squig":7,"born_in_chaos_v1:supreme_bonescaller_stage_2":1,"faded_conquest_2:mimic":4,"born_in_chaos_v1:firelight_not_despawn":3,"orcz:weirdboinecro":1,"spore:inf_player":4,"orcz:goblinsavagemace":6,"spore:inf_evoker":12,"minecraft:iron_golem":1,"minecraft:creeper":6,"minecraft:sheep":6,"spore:inf_villager":3,"call_of_yucutan:undead_warrior":1,"minecraft:pillager":3,"alexsmobs:flutter":2,"spore:inf_human":3,"minecraft:zombie":15,"minecraft:stray":8,"orcz:bigorcboss":10,"orcz:orcsavage_2sword":8,"orcz:snot":28,"orcz:orcshield":8,"minecraft:cow":1,"minecraft:allay":1,"farlanders:ender_guardian":1,"born_in_chaos_v1:skeleton_thrasher_not_despawn":1,"born_in_chaos_v1:thornshell_crab":1,"spore:inf_vindicator":15,"born_in_chaos_v1:maggot":2,"minecraft:phantom":1,"born_in_chaos_v1:corpse_fish":1,"orcz:orcsavagemace":9,"orcz:orcsavageweird":2,"minecraft:husk":12,"faded_conquest_2:the_plauge_bringer":1,"spore:stalker":1,"undead_revamp2:the_moonflower":1,"minecraft:bat":1,"minecraft:frog":3,"farlanders:ender_golem":1,"born_in_chaos_v1:decrepit_skeleton":4,"spore:inf_pillager":6,"alexsmobs:gazelle":1,"born_in_chaos_v1:bonescaller_not_despawn":2,"spore:inf_witch":1,"spore:claw":9,"orcz:goblin_2sword":1,"minecraft:wither_skeleton":2,"minecraft:villager":3,"born_in_chaos_v1:decaying_zombie_not_despawn":2},"minecraft:killed_by":{"born_in_chaos_v1:decaying_zombie_not_despawn":1,"orcz:orcsavagemace":1,"spore:inf_evoker":1,"spore:inf_player":1,"spore:inf_vindicator":7},"minecraft:broken":{"minecraft:diamond_helmet":1,"minecraft:iron_boots":2,"minecraft:iron_leggings":1,"minecraft:chainmail_helmet":1,"minecraft:leather_boots":1,"minecraft:iron_pickaxe":1},"minecraft:custom":{"minecraft:interact_with_crafting_table":24,"minecraft:open_barrel":59,"minecraft:eat_cake_slice":1,"minecraft:leave_game":9,"minecraft:time_since_death":207616,"minecraft:damage_resisted":18,"minecraft:sprint_one_cm":1355902,"minecraft:damage_blocked_by_shield":685,"minecraft:drop":230,"minecraft:talked_to_villager":12,"minecraft:play_time":422175,"minecraft:deaths":12,"minecraft:interact_with_brewingstand":1,"minecraft:jump":6244,"minecraft:walk_on_water_one_cm":34371,"minecraft:interact_with_furnace":8,"minecraft:sleep_in_bed":27,"minecraft:damage_dealt":64835,"minecraft:crouch_one_cm":50212,"tombstone:undead_killed":80,"tombstone:villager_killed":3,"minecraft:interact_with_smoker":1,"minecraft:inspect_dispenser":1,"minecraft:horse_one_cm":3238,"minecraft:interact_with_smithing_table":8,"minecraft:mob_kills":309,"minecraft:damage_dealt_resisted":6517,"minecraft:climb_one_cm":13533,"minecraft:walk_one_cm":1696964,"minecraft:damage_dealt_absorbed":880,"minecraft:sneak_time":15633,"minecraft:walk_under_water_one_cm":20035,"minecraft:total_world_time":422175,"tombstone:raider_killed":4,"minecraft:time_since_rest":22517,"minecraft:damage_taken":9733,"minecraft:damage_absorbed":240,"minecraft:swim_one_cm":108000,"minecraft:fly_one_cm":1406316,"minecraft:open_chest":340,"minecraft:fall_one_cm":155486},"minecraft:crafted":{"minecraft:oak_planks":36,"travelersbackpack:diamond":2,"minecraft:iron_boots":1,"minecraft:crafting_table":3,"minecraft:spruce_planks":4,"minecraft:wooden_pickaxe":1,"minecraft:iron_chestplate":1,"minecraft:stick":8,"minecraft:iron_ingot":9,"minecraft:iron_pickaxe":1,"minecraft:gold_ingot":2,"minecraft:shears":1,"minecraft:furnace":2,"minecraft:diamond":18,"minecraft:stone_pickaxe":1,"minecraft:wheat":342,"minecraft:red_bed":1,"minecraft:bread":114,"minecraft:wooden_axe":1,"minecraft:iron_leggings":1,"minecraft:white_bed":1,"minecraft:torch":56},"minecraft:mined":{"minecraft:dark_oak_planks":22,"minecraft:white_bed":1,"minecraft:brewing_stand":1,"orcz:palisadedarkoak":4,"minecraft:spruce_trapdoor":11,"faded_conquest_2:toxic_lantern":1,"minecraft:grass_block":7,"minecraft:oak_pressure_plate":1,"minecraft:coal_block":7,"minecraft:spawner":36,"minecraft:tall_seagrass":2,"minecraft:dark_oak_trapdoor":93,"minecraft:fire":2,"minecraft:iron_ore":11,"minecraft:barrel":6,"minecraft:pumpkin":1,"minecraft:nether_brick_stairs":3,"minecraft:dark_oak_stairs":80,"minecraft:oak_sign":1,"minecraft:oak_stairs":3,"minecraft:iron_bars":32,"minecraft:deepslate_brick_stairs":8,"minecraft:stripped_mangrove_wood":1,"minecraft:iron_block":1,"minecraft:spruce_slab":2,"minecraft:green_bed":1,"minecraft:red_bed":1,"minecraft:powder_snow":12,"minecraft:melon":1,"faded_conquest_2:skull_pile":1,"minecraft:torch":2,"minecraft:blast_furnace":4,"beautify:hanging_pot":1,"minecraft:calcite":214,"minecraft:chest":3,"minecraft:cobblestone":17,"minecraft:cyan_bed":2,"minecraft:sugar_cane":6,"minecraft:oak_planks":9,"minecraft:wall_torch":1,"minecraft:skeleton_skull":3,"minecraft:cyan_wool":6,"call_of_yucutan:red_limestone_tile_slab":1,"minecraft:chain":1,"minecraft:light_gray_candle":1,"minecraft:waxed_oxidized_cut_copper_stairs":6,"call_of_yucutan:red_limestone":2,"minecraft:birch_trapdoor":7,"minecraft:birch_door":10,"minecraft:grass":11,"minecraft:oak_log":9,"minecraft:sand":4,"minecraft:dirt":7,"minecraft:polished_deepslate_wall":3,"minecraft:cyan_candle":10,"minecraft:oak_leaves":4,"minecraft:deepslate":6,"minecraft:dark_prismarine":3,"call_of_yucutan:reflector":1,"minecraft:mossy_cobblestone":2,"minecraft:dark_oak_leaves":5,"minecraft:dark_oak_fence":3,"minecraft:spruce_fence":4,"minecraft:brick_stairs":1,"alexsmobs:leafcutter_ant_chamber":1,"minecraft:mangrove_trapdoor":1,"minecraft:hay_block":68,"minecraft:waxed_oxidized_cut_copper":24,"minecraft:furnace":3,"minecraft:stripped_spruce_log":1,"minecraft:polished_deepslate":12,"minecraft:bookshelf":63,"minecraft:vine":10,"minecraft:stone":114,"minecraft:light_gray_carpet":41,"minecraft:mangrove_stairs":1,"minecraft:glass_pane":2,"minecraft:red_wool":61,"minecraft:brown_carpet":31,"minecraft:spruce_door":1,"minecraft:oak_fence":7,"minecraft:crafting_table":3,"born_in_chaos_v1:black_argillite_brick_n":1,"minecraft:lectern":2,"faded_conquest_2:ominous_skull":1,"minecraft:copper_ore":41,"minecraft:tall_grass":2,"minecraft:diorite":32,"minecraft:spruce_stairs":21,"minecraft:lime_bed":2,"minecraft:stripped_spruce_wood":1,"minecraft:birch_leaves":2,"minecraft:yellow_bed":4,"minecraft:mangrove_slab":1,"minecraft:coal_ore":55,"minecraft:flower_pot":1,"minecraft:gray_carpet":16,"minecraft:cobweb":6,"minecraft:cracked_stone_bricks":4,"minecraft:stone_bricks":6,"minecraft:mossy_stone_bricks":1},"minecraft:dropped":{"minecraft:nether_brick_stairs":3,"spore:spine_fragment":6,"minecraft:oak_pressure_plate":1,"minecraft:cooked_beef":1,"minecraft:glass_bottle":1,"orcz:orcskull":2,"minecraft:dark_oak_sapling":1,"born_in_chaos_v1:pieceofdarkmetal":30,"call_of_yucutan:red_limestone_tile_slab":1,"orcz:orceye":6,"minecraft:red_bed":1,"minecraft:dark_oak_log":1,"minecraft:dark_oak_fence":3,"orcz:bone_1":1,"minecraft:sand":6,"minecraft:white_wool":2,"minecraft:bone":43,"alexsmobs:animal_dictionary":1,"minecraft:rotten_flesh":21,"minecraft:oak_planks":46,"call_of_yucutan:mystic_vine":1,"orcz:orcshroom":2,"minecraft:carrot":17,"minecraft:chainmail_chestplate":2,"bosses_of_mass_destruction:soul_star":1,"minecraft:tipped_arrow":1,"minecraft:brick_stairs":1,"born_in_chaos_v1:corpse_maggot":1,"minecraft:chest":1,"faded_conquest_2:keyof_pestilence":1,"minecraft:leather_leggings":2,"minecraft:iron_bars":7,"minecraft:arrow":7,"spore:armor_fragment":31,"minecraft:enchanted_book":1,"minecraft:bread":20,"born_in_chaos_v1:shattered_skull":1,"minecraft:golden_helmet":1,"minecraft:mangrove_trapdoor":2,"minecraft:mossy_cobblestone":4,"orcz:palisadedarkoak":4,"minecraft:oak_fence":1,"born_in_chaos_v1:orbofthe_summoner":1,"orcz:orcagaric":4,"minecraft:spruce_stairs":1,"minecraft:golden_apple":10,"minecraft:mushroom_stew":2,"minecraft:polished_andesite":1,"minecraft:stick":10,"minecraft:diorite":2,"minecraft:brewing_stand":1,"minecraft:leather_horse_armor":1,"minecraft:wooden_axe":1,"tombstone:grave_dust":2,"minecraft:potion":2,"minecraft:oak_stairs":3,"minecraft:iron_axe":1,"born_in_chaos_v1:staffof_magic_arrows":1,"spore:mutated_heart":5,"minecraft:chainmail_leggings":1,"minecraft:tripwire_hook":1,"spore:claw_fragment":74,"minecraft:dark_oak_sign":35,"minecraft:stone_shovel":1,"minecraft:chicken":1,"spore:cerebrum":2,"spore:mutated_fiber":61,"orcz:ironscrap":1,"minecraft:filled_map":1,"minecraft:diamond_sword":2,"orcz:orcteeth":152,"minecraft:bundle":1,"minecraft:iron_chestplate":3,"born_in_chaos_v1:spiny_shell":3,"minecraft:oak_sapling":2,"orcz:squigs_claws":3,"minecraft:stone_bricks":20,"minecraft:barrel":1,"minecraft:spider_eye":1,"knightquest:small_essence":34,"minecraft:wooden_pickaxe":1,"minecraft:calcite":3,"orcz:orchorn":2},"minecraft:used":{"minecraft:polished_deepslate":1,"minecraft:chest":1,"minecraft:shield":27,"travelersbackpack:diamond":27,"minecraft:nether_bricks":1,"orcz:orcagaric":2,"minecraft:furnace":2,"minecraft:skeleton_skull":2,"minecraft:dark_oak_stairs":15,"minecraft:mossy_stone_bricks":24,"minecraft:dark_oak_sign":1,"minecraft:stone_pickaxe":17,"minecraft:oak_planks":43,"minecraft:wooden_pickaxe":4,"beautify:hanging_pot":2,"minecraft:stripped_mangrove_wood":1,"minecraft:cookie":7,"minecraft:golden_apple":6,"minecraft:glow_berries":8,"minecraft:dark_oak_trapdoor":16,"minecraft:sand":3,"orcz:bone_1":1,"minecraft:shears":25,"minecraft:bread":140,"minecraft:light_gray_candle":2,"orcz:big_bone_1":1,"minecraft:diamond_sword":718,"useless_sword:ravager_sword":257,"minecraft:experience_bottle":7,"faded_conquest_2:skull_pile":1,"minecraft:iron_bars":6,"minecraft:torch":170,"minecraft:dirt":12,"minecraft:spruce_stairs":2,"minecraft:wooden_axe":11,"minecraft:dark_oak_planks":16,"minecraft:iron_axe":387,"minecraft:barrel":6,"tombstone:gift":9,"minecraft:cooked_beef":10,"minecraft:cobbled_deepslate":6,"minecraft:calcite":14,"minecraft:cyan_candle":5,"minecraft:red_nether_bricks":1,"minecraft:waxed_oxidized_cut_copper":2,"minecraft:green_bed":2,"minecraft:cracked_stone_bricks":2,"minecraft:mossy_cobblestone":3,"minecraft:lime_bed":2,"minecraft:crafting_table":6,"minecraft:red_bed":2,"minecraft:white_bed":1,"minecraft:dark_prismarine":3,"minecraft:diamond_pickaxe":424,"minecraft:iron_pickaxe":250,"minecraft:spruce_trapdoor":1,"minecraft:cobblestone":98,"minecraft:potion":1,"travelersbackpack:standard":12,"minecraft:yellow_bed":4,"minecraft:splash_potion":2},"minecraft:picked_up":{"minecraft:birch_door":12,"spore:mutated_heart":5,"minecraft:iron_chestplate":2,"minecraft:flower_pot":1,"minecraft:diamond_sword":4,"minecraft:oak_stairs":3,"minecraft:potion":2,"minecraft:brewing_stand":1,"minecraft:polished_deepslate_wall":4,"minecraft:soul_soil":1,"minecraft:polished_deepslate":21,"minecraft:dark_oak_trapdoor":109,"alexsmobs:gazelle_horn":1,"minecraft:string":13,"minecraft:raw_copper":173,"minecraft:red_nether_bricks":1,"minecraft:beetroot":9,"minecraft:oak_sign":1,"bosses_of_mass_destruction:soul_star":1,"minecraft:cobbled_deepslate":6,"call_of_yucutan:red_limestone_tile_slab":1,"minecraft:calcite":325,"minecraft:melon_slice":4,"minecraft:coal_block":7,"minecraft:furnace":3,"minecraft:golden_helmet":1,"minecraft:tipped_arrow":4,"minecraft:stick":12,"born_in_chaos_v1:shattered_skull":1,"orcz:orcskull":8,"minecraft:birch_trapdoor":10,"minecraft:oak_fence":6,"minecraft:torch":11,"minecraft:green_bed":1,"minecraft:spruce_stairs":25,"travelersbackpack:diamond_tier_upgrade":1,"orcz:squigs_claws":6,"tombstone:grave_dust":3,"minecraft:diorite":55,"travelersbackpack:crafting_upgrade":1,"orcz:palisadedarkoak":4,"minecraft:brown_carpet":25,"minecraft:mangrove_stairs":1,"minecraft:rotten_flesh":41,"call_of_yucutan:mystic_vine":1,"orcz:orcshroom":5,"faded_conquest_2:skull_pile":1,"minecraft:iron_block":1,"minecraft:deepslate_brick_stairs":7,"minecraft:iron_bars":30,"minecraft:cobblestone":124,"born_in_chaos_v1:staffof_magic_arrows":1,"minecraft:feather":1,"minecraft:cooked_beef":1,"orcz:orcteeth":327,"born_in_chaos_v1:spiritual_dust":3,"minecraft:potato":1,"minecraft:stripped_spruce_wood":1,"minecraft:mangrove_slab":1,"minecraft:dirt":12,"faded_conquest_2:keyof_pestilence":2,"minecraft:purple_carpet":1,"minecraft:leather_boots":1,"minecraft:bone":65,"minecraft:bow":1,"minecraft:dark_oak_sign":44,"minecraft:cyan_candle":30,"minecraft:mossy_stone_bricks":1,"minecraft:oak_planks":4,"beautify:hanging_pot":1,"spore:cerebrum":2,"spore:armor_fragment":31,"minecraft:oak_pressure_plate":1,"orcz:orcagaric":9,"minecraft:sand":12,"orcz:blue_orcshroom":6,"minecraft:stripped_spruce_log":1,"minecraft:nether_brick_stairs":3,"minecraft:cyan_bed":3,"minecraft:diamond_block":3,"minecraft:dark_oak_log":1,"minecraft:barrel":7,"minecraft:mossy_cobblestone":7,"minecraft:dark_prismarine":3,"minecraft:bundle":1,"spore:claw_fragment":74,"minecraft:polished_andesite":1,"born_in_chaos_v1:fire_dust":3,"minecraft:diamond":65,"minecraft:soul_lantern":1,"knightquest:small_essence":49,"minecraft:golden_apple":11,"minecraft:bread":17,"minecraft:spruce_sign":10,"minecraft:golden_horse_armor":1,"spore:spine_fragment":6,"orcz:ironscrap":5,"minecraft:oak_sapling":7,"minecraft:light_gray_carpet":40,"minecraft:dark_oak_fence":4,"minecraft:diamond_pickaxe":1,"minecraft:waxed_oxidized_cut_copper":22,"minecraft:crafting_table":3,"minecraft:chicken":1,"born_in_chaos_v1:seedof_chaos":5,"minecraft:leather_leggings":1,"minecraft:gold_block":5,"minecraft:chain":1,"minecraft:cornflower":1,"minecraft:red_bed":2,"minecraft:iron_axe":1,"farlanders:ender_horn":2,"faded_conquest_2:key_of_death":1,"minecraft:cyan_carpet":10,"minecraft:cracked_stone_bricks":4,"minecraft:beef":3,"minecraft:cyan_wool":6,"minecraft:spruce_slab":2,"minecraft:lectern":2,"minecraft:sugar_cane":16,"minecraft:chest":5,"minecraft:phantom_membrane":1,"minecraft:spruce_trapdoor":12,"minecraft:egg":3,"minecraft:dark_oak_sapling":1,"minecraft:raw_iron":11,"minecraft:stripped_mangrove_wood":1,"minecraft:copper_ingot":25,"minecraft:spruce_fence":4,"orcz:orchorn":13,"minecraft:mangrove_sign":2,"born_in_chaos_v1:pieceofdarkmetal":8,"minecraft:carrot":29,"minecraft:mangrove_trapdoor":2,"minecraft:stone_pressure_plate":4,"minecraft:dark_oak_planks":22,"minecraft:arrow":43,"minecraft:stone_shovel":1,"minecraft:pumpkin_pie":2,"minecraft:nether_bricks":1,"minecraft:waxed_oxidized_cut_copper_stairs":6,"minecraft:hay_block":68,"minecraft:glistering_melon_slice":5,"born_in_chaos_v1:spiny_shell":3,"minecraft:gold_ingot":7,"minecraft:brick_stairs":1,"minecraft:mutton":10,"minecraft:skeleton_skull":2,"minecraft:white_wool":6,"born_in_chaos_v1:corpse_maggot":1,"minecraft:lime_bed":2,"minecraft:tripwire_hook":3,"minecraft:leather":5,"minecraft:mushroom_stew":7,"minecraft:oak_log":9,"minecraft:chainmail_chestplate":1,"minecraft:cobbled_deepslate_stairs":4,"minecraft:yellow_bed":5,"minecraft:gunpowder":13,"minecraft:red_carpet":8,"minecraft:gray_carpet":11,"minecraft:apple":23,"minecraft:stone_bricks":6,"minecraft:iron_ingot":8,"spore:mutated_fiber":61,"minecraft:dark_oak_stairs":114,"minecraft:book":180,"minecraft:pumpkin":1,"orcz:bone_1":1,"minecraft:red_wool":66,"born_in_chaos_v1:orbofthe_summoner":1,"alexsmobs:sombrero":1,"minecraft:blast_furnace":5,"minecraft:white_bed":1,"minecraft:spruce_door":2,"minecraft:spider_eye":1,"travelersbackpack:standard":1,"minecraft:light_gray_candle":6,"minecraft:chainmail_leggings":1,"minecraft:painting":1,"tombstone:magic_scroll":2,"orcz:orceye":7,"minecraft:coal":152}},"DataVersion":3465}