{"stats":{"minecraft:killed":{"minecraft:cave_spider":8,"minecraft:spider":8,"faded_conquest_2:toxicrow":13,"born_in_chaos_v1:baby_skeleton_minion":2,"minecraft:skeleton":20,"orcz:squig":4,"born_in_chaos_v1:supreme_bonescaller_stage_2":1,"faded_conquest_2:mimic":4,"spore:inf_player":4,"orcz:goblinsavagemace":2,"spore:inf_evoker":12,"minecraft:iron_golem":1,"minecraft:creeper":6,"minecraft:sheep":6,"spore:inf_villager":3,"alexsmobs:flutter":2,"spore:inf_human":2,"minecraft:zombie":15,"minecraft:stray":8,"orcz:bigorcboss":2,"orcz:orcsavage_2sword":2,"orcz:snot":14,"orcz:orcshield":5,"minecraft:cow":1,"born_in_chaos_v1:skeleton_thrasher_not_despawn":1,"spore:inf_vindicator":15,"born_in_chaos_v1:maggot":2,"orcz:orcsavagemace":3,"orcz:orcsavageweird":1,"minecraft:husk":3,"faded_conquest_2:the_plauge_bringer":1,"spore:stalker":1,"undead_revamp2:the_moonflower":1,"minecraft:bat":1,"minecraft:frog":3,"farlanders:ender_golem":1,"born_in_chaos_v1:decrepit_skeleton":2,"born_in_chaos_v1:bonescaller_not_despawn":2,"spore:inf_witch":1,"spore:claw":9,"minecraft:wither_skeleton":2,"minecraft:villager":3},"minecraft:killed_by":{"born_in_chaos_v1:decaying_zombie_not_despawn":1,"orcz:orcsavagemace":1,"spore:inf_evoker":1,"spore:inf_player":1,"spore:inf_vindicator":7},"minecraft:picked_up":{"spore:mutated_heart":5,"minecraft:iron_chestplate":2,"minecraft:diamond_sword":4,"minecraft:brewing_stand":1,"minecraft:string":12,"minecraft:raw_copper":173,"minecraft:oak_sign":1,"minecraft:cobbled_deepslate":6,"minecraft:calcite":3,"minecraft:coal_block":7,"minecraft:furnace":3,"minecraft:golden_helmet":1,"minecraft:tipped_arrow":4,"minecraft:stick":7,"minecraft:oak_fence":5,"minecraft:torch":10,"minecraft:spruce_stairs":1,"travelersbackpack:diamond_tier_upgrade":1,"orcz:squigs_claws":3,"tombstone:grave_dust":2,"minecraft:diorite":2,"travelersbackpack:crafting_upgrade":1,"orcz:palisadedarkoak":1,"minecraft:rotten_flesh":16,"orcz:orcshroom":1,"faded_conquest_2:skull_pile":1,"minecraft:iron_block":1,"minecraft:iron_bars":14,"minecraft:cobblestone":124,"born_in_chaos_v1:staffof_magic_arrows":1,"orcz:orcteeth":138,"born_in_chaos_v1:spiritual_dust":3,"minecraft:stripped_spruce_wood":1,"minecraft:dirt":12,"faded_conquest_2:keyof_pestilence":2,"minecraft:bone":39,"minecraft:bow":1,"minecraft:dark_oak_sign":33,"minecraft:mossy_stone_bricks":1,"minecraft:oak_planks":4,"spore:cerebrum":2,"spore:armor_fragment":31,"orcz:orcagaric":5,"minecraft:sand":3,"orcz:blue_orcshroom":5,"minecraft:nether_brick_stairs":3,"minecraft:diamond_block":1,"minecraft:barrel":1,"minecraft:dark_oak_log":1,"minecraft:mossy_cobblestone":7,"minecraft:dark_prismarine":2,"minecraft:bundle":1,"spore:claw_fragment":74,"minecraft:polished_andesite":1,"minecraft:diamond":35,"knightquest:small_essence":39,"minecraft:golden_horse_armor":1,"spore:spine_fragment":2,"orcz:ironscrap":2,"minecraft:oak_sapling":2,"minecraft:dark_oak_fence":3,"minecraft:diamond_pickaxe":1,"minecraft:crafting_table":3,"born_in_chaos_v1:seedof_chaos":5,"minecraft:leather_leggings":1,"minecraft:gold_block":1,"minecraft:chain":1,"minecraft:red_bed":1,"minecraft:iron_axe":1,"farlanders:ender_horn":2,"faded_conquest_2:key_of_death":1,"minecraft:cracked_stone_bricks":4,"minecraft:beef":3,"minecraft:cyan_wool":6,"minecraft:sugar_cane":16,"minecraft:spruce_trapdoor":1,"minecraft:dark_oak_sapling":1,"minecraft:raw_iron":11,"minecraft:copper_ingot":25,"orcz:orchorn":4,"born_in_chaos_v1:pieceofdarkmetal":4,"minecraft:carrot":17,"minecraft:mangrove_trapdoor":2,"minecraft:dark_oak_planks":15,"minecraft:arrow":27,"minecraft:stone_shovel":1,"minecraft:nether_bricks":1,"minecraft:hay_block":38,"minecraft:brick_stairs":1,"minecraft:mutton":9,"minecraft:skeleton_skull":2,"minecraft:white_wool":6,"born_in_chaos_v1:corpse_maggot":1,"minecraft:lime_bed":2,"minecraft:tripwire_hook":1,"minecraft:leather":5,"minecraft:mushroom_stew":1,"minecraft:oak_log":9,"minecraft:chainmail_chestplate":1,"minecraft:yellow_bed":1,"minecraft:gunpowder":13,"minecraft:apple":13,"minecraft:stone_bricks":6,"minecraft:iron_ingot":3,"spore:mutated_fiber":53,"minecraft:book":126,"orcz:bone_1":1,"minecraft:red_wool":3,"born_in_chaos_v1:orbofthe_summoner":1,"minecraft:white_bed":1,"minecraft:spider_eye":1,"travelersbackpack:standard":1,"minecraft:chainmail_leggings":1,"tombstone:magic_scroll":1,"orcz:orceye":4,"minecraft:coal":150},"minecraft:dropped":{"minecraft:nether_brick_stairs":3,"spore:spine_fragment":2,"minecraft:glass_bottle":1,"minecraft:dark_oak_sapling":1,"born_in_chaos_v1:pieceofdarkmetal":28,"orcz:orceye":4,"minecraft:dark_oak_log":1,"minecraft:dark_oak_fence":3,"orcz:bone_1":1,"minecraft:sand":3,"minecraft:white_wool":2,"minecraft:bone":25,"alexsmobs:animal_dictionary":1,"minecraft:rotten_flesh":17,"minecraft:oak_planks":46,"orcz:orcshroom":1,"minecraft:carrot":17,"minecraft:chainmail_chestplate":2,"minecraft:tipped_arrow":1,"minecraft:brick_stairs":1,"born_in_chaos_v1:corpse_maggot":1,"faded_conquest_2:keyof_pestilence":1,"minecraft:leather_leggings":2,"minecraft:iron_bars":7,"minecraft:arrow":6,"spore:armor_fragment":31,"minecraft:enchanted_book":1,"minecraft:bread":20,"minecraft:golden_helmet":1,"minecraft:mangrove_trapdoor":2,"minecraft:mossy_cobblestone":4,"orcz:palisadedarkoak":1,"born_in_chaos_v1:orbofthe_summoner":1,"orcz:orcagaric":3,"minecraft:spruce_stairs":1,"minecraft:mushroom_stew":1,"minecraft:stick":10,"minecraft:polished_andesite":1,"minecraft:diorite":2,"minecraft:brewing_stand":1,"minecraft:leather_horse_armor":1,"minecraft:wooden_axe":1,"tombstone:grave_dust":2,"minecraft:potion":2,"minecraft:iron_axe":1,"born_in_chaos_v1:staffof_magic_arrows":1,"spore:mutated_heart":5,"minecraft:chainmail_leggings":1,"minecraft:tripwire_hook":1,"spore:claw_fragment":74,"minecraft:dark_oak_sign":33,"minecraft:stone_shovel":1,"spore:cerebrum":2,"spore:mutated_fiber":53,"minecraft:filled_map":1,"minecraft:diamond_sword":2,"orcz:orcteeth":138,"minecraft:bundle":1,"minecraft:iron_chestplate":3,"orcz:squigs_claws":2,"minecraft:spider_eye":1,"minecraft:barrel":1,"minecraft:stone_bricks":20,"knightquest:small_essence":28,"minecraft:wooden_pickaxe":1,"minecraft:calcite":3,"orcz:orchorn":2},"minecraft:broken":{"minecraft:iron_boots":1,"minecraft:iron_leggings":1,"minecraft:chainmail_helmet":1,"minecraft:iron_pickaxe":1},"minecraft:used":{"minecraft:shield":17,"travelersbackpack:diamond":19,"minecraft:nether_bricks":1,"minecraft:furnace":2,"minecraft:skeleton_skull":2,"minecraft:mossy_stone_bricks":8,"minecraft:stone_pickaxe":17,"minecraft:oak_planks":43,"minecraft:wooden_pickaxe":4,"minecraft:glow_berries":8,"orcz:bone_1":1,"minecraft:bread":99,"orcz:big_bone_1":1,"minecraft:diamond_sword":694,"minecraft:experience_bottle":7,"faded_conquest_2:skull_pile":1,"minecraft:iron_bars":5,"minecraft:torch":126,"minecraft:dirt":12,"minecraft:wooden_axe":11,"minecraft:dark_oak_planks":15,"minecraft:iron_axe":99,"tombstone:gift":9,"minecraft:cooked_beef":6,"minecraft:cobbled_deepslate":6,"minecraft:green_bed":1,"minecraft:cracked_stone_bricks":2,"minecraft:mossy_cobblestone":3,"minecraft:lime_bed":2,"minecraft:crafting_table":6,"minecraft:red_bed":2,"minecraft:white_bed":1,"minecraft:dark_prismarine":2,"minecraft:diamond_pickaxe":95,"minecraft:iron_pickaxe":250,"minecraft:spruce_trapdoor":1,"minecraft:cobblestone":98,"minecraft:potion":1,"travelersbackpack:standard":12,"minecraft:yellow_bed":1,"minecraft:splash_potion":2},"minecraft:mined":{"minecraft:dark_oak_planks":21,"minecraft:white_bed":1,"minecraft:brewing_stand":1,"orcz:palisadedarkoak":1,"minecraft:spruce_trapdoor":1,"faded_conquest_2:toxic_lantern":1,"minecraft:grass_block":7,"minecraft:coal_block":7,"minecraft:spawner":31,"minecraft:iron_ore":11,"minecraft:barrel":1,"minecraft:nether_brick_stairs":3,"minecraft:oak_sign":1,"minecraft:iron_bars":14,"minecraft:iron_block":1,"minecraft:green_bed":1,"minecraft:red_bed":1,"minecraft:powder_snow":12,"faded_conquest_2:skull_pile":1,"minecraft:torch":2,"minecraft:calcite":5,"minecraft:cobblestone":17,"minecraft:oak_planks":9,"minecraft:sugar_cane":6,"minecraft:wall_torch":1,"minecraft:skeleton_skull":3,"minecraft:cyan_wool":6,"minecraft:chain":1,"minecraft:grass":11,"minecraft:oak_log":9,"minecraft:sand":1,"minecraft:dirt":7,"minecraft:oak_leaves":4,"minecraft:deepslate":6,"minecraft:dark_prismarine":2,"minecraft:mossy_cobblestone":2,"minecraft:dark_oak_leaves":5,"minecraft:dark_oak_fence":2,"minecraft:brick_stairs":1,"minecraft:hay_block":38,"minecraft:furnace":3,"minecraft:bookshelf":42,"minecraft:vine":10,"minecraft:stone":113,"minecraft:glass_pane":2,"minecraft:red_wool":3,"minecraft:oak_fence":5,"minecraft:crafting_table":3,"born_in_chaos_v1:black_argillite_brick_n":1,"faded_conquest_2:ominous_skull":1,"minecraft:copper_ore":41,"minecraft:tall_grass":2,"minecraft:diorite":1,"minecraft:spruce_stairs":1,"minecraft:lime_bed":2,"minecraft:stripped_spruce_wood":1,"minecraft:birch_leaves":1,"minecraft:yellow_bed":1,"minecraft:coal_ore":55,"minecraft:cobweb":1,"minecraft:cracked_stone_bricks":4,"minecraft:stone_bricks":6,"minecraft:mossy_stone_bricks":1},"minecraft:crafted":{"minecraft:oak_planks":36,"travelersbackpack:diamond":2,"minecraft:iron_boots":1,"minecraft:crafting_table":3,"minecraft:spruce_planks":4,"minecraft:wooden_pickaxe":1,"minecraft:iron_chestplate":1,"minecraft:stick":8,"minecraft:iron_ingot":9,"minecraft:iron_pickaxe":1,"minecraft:gold_ingot":2,"minecraft:furnace":2,"minecraft:diamond":9,"minecraft:stone_pickaxe":1,"minecraft:wheat":342,"minecraft:red_bed":1,"minecraft:bread":114,"minecraft:wooden_axe":1,"minecraft:iron_leggings":1,"minecraft:white_bed":1,"minecraft:torch":56},"minecraft:custom":{"minecraft:interact_with_crafting_table":24,"minecraft:open_barrel":42,"minecraft:eat_cake_slice":1,"minecraft:leave_game":7,"minecraft:time_since_death":64455,"minecraft:sprint_one_cm":909265,"minecraft:damage_blocked_by_shield":475,"minecraft:drop":183,"minecraft:talked_to_villager":8,"minecraft:play_time":279014,"minecraft:deaths":12,"minecraft:interact_with_brewingstand":1,"minecraft:jump":3847,"minecraft:walk_on_water_one_cm":21835,"minecraft:interact_with_furnace":8,"minecraft:sleep_in_bed":18,"minecraft:damage_dealt":42488,"minecraft:crouch_one_cm":45440,"tombstone:undead_killed":58,"tombstone:villager_killed":3,"minecraft:horse_one_cm":3238,"minecraft:interact_with_smithing_table":8,"minecraft:mob_kills":198,"minecraft:damage_dealt_resisted":1767,"minecraft:climb_one_cm":10181,"minecraft:walk_one_cm":1111111,"minecraft:damage_dealt_absorbed":880,"minecraft:sneak_time":13174,"minecraft:walk_under_water_one_cm":13194,"minecraft:total_world_time":279014,"minecraft:time_since_rest":4391,"minecraft:damage_taken":7781,"minecraft:swim_one_cm":70481,"minecraft:fly_one_cm":847434,"minecraft:open_chest":266,"minecraft:fall_one_cm":93614}},"DataVersion":3465}