{"stats":{"minecraft:killed":{"minecraft:husk":3,"spore:stalker":1,"minecraft:frog":2,"born_in_chaos_v1:decrepit_skeleton":2,"minecraft:sheep":5,"minecraft:skeleton":3},"minecraft:killed_by":{"born_in_chaos_v1:decaying_zombie_not_despawn":1},"minecraft:dropped":{"minecraft:mangrove_trapdoor":1,"alexsmobs:animal_dictionary":1,"minecraft:dark_oak_sign":22,"minecraft:rotten_flesh":4,"spore:mutated_fiber":2,"minecraft:diorite":1,"orcz:bone_1":1,"minecraft:wooden_axe":1,"minecraft:iron_axe":1,"minecraft:wooden_pickaxe":1,"minecraft:white_wool":2,"spore:claw_fragment":3},"minecraft:crafted":{"minecraft:oak_planks":36,"minecraft:crafting_table":2,"minecraft:wooden_pickaxe":1,"minecraft:stick":8,"minecraft:iron_pickaxe":1,"minecraft:stone_pickaxe":1,"minecraft:wooden_axe":1,"minecraft:white_bed":1},"minecraft:picked_up":{"minecraft:crafting_table":3,"minecraft:tripwire_hook":1,"minecraft:diamond_sword":1,"minecraft:mushroom_stew":1,"minecraft:oak_log":9,"minecraft:dirt":1,"minecraft:iron_axe":1,"minecraft:bone":7,"minecraft:oak_sign":1,"minecraft:apple":12,"minecraft:dark_oak_sign":22,"minecraft:calcite":3,"spore:mutated_fiber":2,"minecraft:coal_block":5,"minecraft:sugar_cane":16,"minecraft:oak_planks":2,"minecraft:raw_iron":6,"orcz:bone_1":1,"minecraft:spruce_stairs":1,"minecraft:diorite":1,"minecraft:white_bed":1,"minecraft:mangrove_trapdoor":1,"minecraft:barrel":1,"minecraft:dark_oak_planks":2,"travelersbackpack:standard":1,"spore:claw_fragment":3,"minecraft:arrow":6,"minecraft:rotten_flesh":6,"minecraft:hay_block":38,"knightquest:small_essence":4,"tombstone:magic_scroll":1,"minecraft:mutton":8,"minecraft:iron_bars":1,"minecraft:white_wool":5,"minecraft:cobblestone":6},"minecraft:used":{"minecraft:stone_pickaxe":17,"minecraft:oak_planks":4,"minecraft:wooden_pickaxe":4,"minecraft:green_bed":1,"minecraft:dirt":2,"orcz:bone_1":1,"minecraft:crafting_table":5,"minecraft:white_bed":1,"minecraft:wooden_axe":11,"minecraft:iron_axe":12,"minecraft:bread":8,"minecraft:iron_pickaxe":32,"orcz:big_bone_1":1,"minecraft:diamond_sword":41,"minecraft:cobblestone":3,"travelersbackpack:standard":10},"minecraft:mined":{"minecraft:dark_oak_planks":2,"minecraft:white_bed":1,"minecraft:glass_pane":1,"minecraft:powder_snow":12,"minecraft:crafting_table":3,"minecraft:calcite":3,"minecraft:coal_block":5,"minecraft:sugar_cane":6,"minecraft:oak_planks":2,"minecraft:diorite":1,"minecraft:spawner":5,"minecraft:spruce_stairs":1,"minecraft:hay_block":38,"minecraft:iron_ore":6,"minecraft:barrel":1,"minecraft:oak_log":9,"minecraft:oak_sign":1,"minecraft:iron_bars":1,"minecraft:dirt":1,"minecraft:stone":6},"minecraft:custom":{"minecraft:mob_kills":16,"minecraft:interact_with_crafting_table":8,"minecraft:open_barrel":20,"minecraft:leave_game":1,"minecraft:time_since_death":9075,"minecraft:sleep_in_bed":3,"minecraft:climb_one_cm":628,"minecraft:time_since_rest":65,"minecraft:sprint_one_cm":145545,"minecraft:damage_taken":715,"minecraft:walk_one_cm":176810,"minecraft:drop":16,"minecraft:damage_dealt":3369,"minecraft:swim_one_cm":39594,"minecraft:fly_one_cm":106575,"minecraft:open_chest":33,"minecraft:sneak_time":1581,"minecraft:crouch_one_cm":3063,"minecraft:deaths":2,"minecraft:play_time":54081,"tombstone:undead_killed":8,"minecraft:walk_under_water_one_cm":2102,"minecraft:jump":618,"minecraft:walk_on_water_one_cm":5862,"minecraft:total_world_time":54081,"minecraft:fall_one_cm":9758}},"DataVersion":3465}