{"stats":{"minecraft:crafted":{"minecraft:coal":9,"minecraft:stone_pickaxe":1,"minecraft:wheat":441,"minecraft:emerald":9,"minecraft:diamond_axe":2,"minecraft:crafting_table":1,"minecraft:spruce_planks":24,"minecraft:wooden_pickaxe":1,"minecraft:enchanted_book":1,"minecraft:bread":128,"minecraft:diamond_pickaxe":1,"minecraft:stick":68,"minecraft:stone_sword":1,"minecraft:torch":308},"minecraft:custom":{"minecraft:mob_kills":71,"minecraft:interact_with_crafting_table":14,"minecraft:open_barrel":29,"minecraft:damage_dealt_resisted":1883,"minecraft:eat_cake_slice":3,"minecraft:leave_game":8,"minecraft:time_since_death":127172,"minecraft:climb_one_cm":13496,"minecraft:sprint_one_cm":517547,"minecraft:walk_one_cm":355882,"minecraft:damage_blocked_by_shield":565,"minecraft:drop":124,"minecraft:talked_to_villager":6,"minecraft:play_time":137634,"minecraft:sneak_time":6109,"minecraft:deaths":3,"minecraft:walk_under_water_one_cm":9379,"minecraft:jump":2356,"minecraft:walk_on_water_one_cm":14703,"minecraft:total_world_time":137634,"minecraft:interact_with_furnace":1,"minecraft:traded_with_villager":1,"minecraft:sleep_in_bed":10,"minecraft:time_since_rest":54,"minecraft:damage_taken":2517,"minecraft:trigger_trapped_chest":1,"minecraft:damage_dealt":8867,"minecraft:swim_one_cm":19624,"minecraft:fly_one_cm":491779,"minecraft:open_chest":168,"minecraft:crouch_one_cm":8233,"tombstone:undead_killed":16,"minecraft:fall_one_cm":52253,"minecraft:inspect_dispenser":2,"minecraft:horse_one_cm":20379},"minecraft:dropped":{"minecraft:bread":64,"minecraft:iron_ingot":6,"minecraft:porkchop":1,"minecraft:wheat_seeds":2,"minecraft:diamond_axe":1,"minecraft:cracked_stone_bricks":1,"minecraft:saddle":1,"born_in_chaos_v1:pieceofdarkmetal":2,"minecraft:cobweb":44,"minecraft:torch":147,"minecraft:iron_door":1,"minecraft:iron_leggings":3,"minecraft:lever":1,"spore:vent_plate":19,"alexsmobs:animal_dictionary":1,"tombstone:gift":1,"minecraft:iron_boots":2,"spore:mutated_fiber":3,"minecraft:chiseled_stone_bricks":1,"minecraft:potato":44,"minecraft:iron_chestplate":2,"minecraft:stone_brick_wall":1,"minecraft:stone_pressure_plate":1,"minecraft:stone_bricks":4,"knightquest:small_essence":2,"minecraft:spruce_log":93,"minecraft:wooden_pickaxe":1,"minecraft:arrow":1,"minecraft:light_blue_terracotta":1,"minecraft:stone_pickaxe":1},"minecraft:killed_by":{"spore:inf_hazmat":2},"minecraft:mined":{"minecraft:red_nether_bricks":1,"minecraft:obsidian":14,"minecraft:granite":2,"minecraft:stone_brick_wall":1,"minecraft:redstone_wire":4,"minecraft:coal_block":12,"minecraft:spruce_leaves":9,"minecraft:spawner":28,"minecraft:chiseled_stone_bricks":1,"minecraft:hay_block":50,"minecraft:fire":14,"spore:cdu":2,"treechop:chopped_log":14,"minecraft:nether_brick_stairs":3,"minecraft:mossy_stone_brick_stairs":2,"minecraft:bookshelf":6,"minecraft:vine":3,"minecraft:deepslate_iron_ore":7,"minecraft:iron_bars":8,"minecraft:packed_ice":1,"minecraft:stone":28,"spore:vent_plate":5,"minecraft:redstone_block":7,"minecraft:crafting_table":1,"minecraft:chest":2,"minecraft:cobblestone":1,"minecraft:light_blue_terracotta":1,"minecraft:sweet_berry_bush":1,"minecraft:ice":5,"minecraft:black_bed":1,"minecraft:grass":8,"minecraft:coal_ore":33,"minecraft:sand":35,"minecraft:smooth_quartz":1,"spore:rusted_vent_plate":1,"minecraft:cracked_stone_bricks":1,"minecraft:tripwire_hook":2,"minecraft:stone_bricks":4,"spore:frozen_reinforced_door":2,"minecraft:netherrack":14,"minecraft:oak_leaves":3,"minecraft:emerald_block":1},"minecraft:used":{"spore:cdu":2,"minecraft:iron_bars":5,"minecraft:stone_sword":28,"minecraft:shield":17,"minecraft:spruce_planks":2,"minecraft:iron_sword":181,"minecraft:netherrack":5,"minecraft:torch":200,"spore:vent_door":1,"minecraft:granite":2,"minecraft:obsidian":14,"minecraft:packed_ice":62,"minecraft:iron_boots":1,"minecraft:stone_bricks":42,"minecraft:bow":61,"minecraft:sweet_berries":3,"minecraft:furnace":3,"minecraft:egg":1,"minecraft:cooked_beef":6,"spore:rusted_vent_plate":3,"minecraft:water_bucket":8,"minecraft:stone_pickaxe":38,"minecraft:wooden_pickaxe":14,"minecraft:diamond_axe":88,"minecraft:sand":3,"minecraft:crafting_table":1,"minecraft:black_bed":1,"theinkarena:ink_bucket":2,"minecraft:redstone_torch":1,"minecraft:diamond_pickaxe":132,"minecraft:apple":3,"minecraft:bread":33,"minecraft:string":1,"tombstone:magic_scroll":1,"minecraft:spruce_sapling":2,"minecraft:coal_block":3,"minecraft:cobblestone":23,"minecraft:porkchop":7,"minecraft:bucket":9,"minecraft:ice":18},"minecraft:picked_up":{"useless_sword:prismarine_sword":1,"minecraft:crafting_table":1,"minecraft:iron_chestplate":1,"spore:mutated_heart":1,"minecraft:redstone_block":10,"minecraft:packed_ice":18,"minecraft:stone_brick_wall":1,"minecraft:gold_block":1,"minecraft:potion":1,"minecraft:string":11,"minecraft:iron_leggings":1,"minecraft:cracked_stone_bricks":1,"theinkarena:ink_waste":1,"minecraft:redstone_torch":1,"minecraft:coal_block":12,"minecraft:chest":2,"spore:frozen_reinforced_door":2,"minecraft:iron_boots":3,"minecraft:egg":1,"minecraft:stick":25,"minecraft:raw_iron":5,"born_in_chaos_v1:shattered_skull":1,"orcz:orcskull":2,"minecraft:torch":17,"minecraft:snow_block":5,"minecraft:porkchop":8,"born_in_chaos_v1:pieceofdarkmetal":2,"minecraft:redstone":4,"minecraft:stone_pressure_plate":1,"minecraft:arrow":59,"minecraft:diamond_chestplate":1,"minecraft:rotten_flesh":4,"orcz:orcshroom":5,"minecraft:hay_block":49,"tombstone:essence_of_undeath":1,"minecraft:glow_berries":3,"minecraft:mutton":1,"minecraft:obsidian":14,"minecraft:iron_bars":10,"minecraft:snowball":1,"minecraft:white_wool":1,"minecraft:cobblestone":29,"spore:cdu":2,"born_in_chaos_v1:corpse_maggot":1,"minecraft:feather":1,"orcz:orcteeth":27,"born_in_chaos_v1:monster_flesh":1,"minecraft:iron_door":1,"minecraft:tripwire_hook":2,"minecraft:black_bed":1,"minecraft:ice":6,"minecraft:bone":10,"minecraft:stone_bricks":4,"minecraft:bow":1,"minecraft:wheat_seeds":2,"minecraft:stone_pickaxe":1,"tombstone:bag_of_seeds":1,"spore:mutated_fiber":5,"minecraft:glass_bottle":1,"minecraft:mossy_stone_brick_stairs":2,"minecraft:book":18,"spore:vent_door":1,"minecraft:emerald_block":1,"minecraft:sweet_berries":3,"minecraft:chiseled_stone_bricks":1,"orcz:orcagaric":5,"minecraft:sand":35,"minecraft:spruce_sapling":29,"minecraft:nether_brick_stairs":3,"minecraft:spruce_log":99,"spore:rusted_vent_plate":3,"minecraft:spider_eye":3,"spore:vent_plate":19,"minecraft:light_blue_terracotta":1,"minecraft:diamond":7,"minecraft:lever":1,"minecraft:blue_ice":61,"knightquest:small_essence":13,"minecraft:granite":2,"minecraft:netherrack":12,"minecraft:coal":32},"minecraft:killed":{"spore:inf_hazmat":2,"minecraft:cave_spider":7,"minecraft:spider":5,"born_in_chaos_v1:skeleton_thrasher_not_despawn":1,"born_in_chaos_v1:maggot":3,"minecraft:skeleton":6,"theinkarena:ink_titan":1,"alexsmobs:blue_jay":1,"alexsmobs:banana_slug":1,"theinkarena:ink_brute":3,"orcz:orcsavagemace":2,"alexsmobs:tusklin":1,"spore:inf_player":1,"spore:inf_drowned":1,"theinkarena:soul_specter":3,"minecraft:sheep":1,"minecraft:zombie":7,"spore:inf_human":1,"knightquest:lizzy":1,"orcz:bigorcboss":1,"theinkarena:titan_splotch":3,"orcz:snot":13,"orcz:orcsavage_2sword":2,"minecraft:wither_skeleton":2,"orcz:orcshield":2}},"DataVersion":3465}