{"stats":{"minecraft:mined":{"minecraft:dark_oak_planks":23,"minecraft:white_bed":1,"minecraft:cherry_log":184,"minecraft:red_nether_bricks":1,"faded_conquest_2:toxic_lantern":1,"minecraft:brewing_stand":1,"orcz:palisadedarkoak":4,"minecraft:spruce_trapdoor":13,"minecraft:obsidian":8,"minecraft:grass_block":8,"minecraft:deepslate_bricks":3,"minecraft:oak_pressure_plate":1,"minecraft:coal_block":7,"tacz:gun_smith_table":1,"minecraft:spawner":50,"minecraft:tall_seagrass":2,"minecraft:mossy_cobblestone_stairs":2,"minecraft:dark_oak_trapdoor":169,"minecraft:iron_ore":11,"minecraft:barrel":13,"minecraft:fire":3,"minecraft:pumpkin":1,"minecraft:nether_brick_stairs":3,"minecraft:dark_oak_stairs":83,"minecraft:oak_sign":1,"minecraft:oak_stairs":3,"minecraft:iron_bars":46,"minecraft:deepslate_brick_stairs":8,"minecraft:stripped_mangrove_wood":6,"minecraft:iron_block":1,"minecraft:spruce_slab":2,"minecraft:green_bed":1,"minecraft:waxed_cut_copper_stairs":11,"minecraft:red_bed":1,"minecraft:soul_lantern":1,"minecraft:powder_snow":12,"spore:growths_big":3,"minecraft:note_block":1,"faded_conquest_2:skull_pile":1,"minecraft:torch":3,"beautify:hanging_pot":1,"minecraft:blast_furnace":4,"minecraft:calcite":281,"minecraft:melon":1,"minecraft:chest":7,"minecraft:nether_quartz_ore":12,"minecraft:cobblestone":22,"minecraft:oak_planks":20,"minecraft:sugar_cane":6,"minecraft:cyan_bed":2,"minecraft:wall_torch":3,"minecraft:pink_petals":1,"minecraft:skeleton_skull":3,"minecraft:chain":1,"call_of_yucutan:red_limestone_tile_slab":1,"minecraft:cyan_wool":6,"minecraft:light_gray_candle":1,"call_of_yucutan:red_limestone":2,"minecraft:waxed_oxidized_cut_copper_stairs":6,"minecraft:birch_trapdoor":7,"minecraft:birch_door":12,"minecraft:grass":32,"minecraft:oak_log":171,"minecraft:sand":13,"minecraft:dirt":8,"minecraft:netherrack":7,"spore:remains":1,"minecraft:polished_deepslate_wall":11,"minecraft:oak_leaves":4,"minecraft:cyan_candle":15,"minecraft:deepslate":6,"minecraft:dark_prismarine":3,"call_of_yucutan:reflector":1,"minecraft:mossy_cobblestone":2,"minecraft:dark_oak_leaves":5,"minecraft:cherry_sapling":1,"minecraft:ladder":1,"minecraft:dark_oak_fence":3,"minecraft:spruce_fence":4,"minecraft:brick_stairs":2,"alexsmobs:leafcutter_ant_chamber":1,"minecraft:mangrove_trapdoor":1,"spore:growths_small":3,"minecraft:hay_block":71,"minecraft:waxed_oxidized_cut_copper":24,"minecraft:furnace":4,"minecraft:stripped_spruce_log":1,"minecraft:polished_deepslate":15,"minecraft:bookshelf":67,"minecraft:vine":11,"minecraft:stone":243,"minecraft:redstone_wall_torch":1,"minecraft:light_gray_carpet":41,"minecraft:redstone_block":3,"minecraft:mangrove_stairs":2,"minecraft:glass_pane":2,"minecraft:red_wool":61,"minecraft:brown_carpet":31,"minecraft:spruce_door":1,"minecraft:oak_fence":7,"minecraft:crafting_table":3,"born_in_chaos_v1:black_argillite_brick_n":1,"faded_conquest_2:ominous_skull":1,"minecraft:lectern":2,"minecraft:copper_ore":51,"minecraft:tall_grass":11,"minecraft:diorite":42,"minecraft:spruce_stairs":25,"minecraft:lime_bed":2,"minecraft:stripped_spruce_wood":1,"minecraft:birch_leaves":2,"minecraft:yellow_bed":4,"minecraft:mangrove_slab":1,"minecraft:coal_ore":55,"minecraft:dark_oak_sign":1,"minecraft:cherry_leaves":11,"minecraft:flower_pot":1,"minecraft:cyan_carpet":59,"minecraft:gray_carpet":37,"minecraft:cobweb":6,"minecraft:cracked_stone_bricks":4,"minecraft:stone_bricks":8,"minecraft:mossy_stone_bricks":1,"minecraft:iron_trapdoor":4},"minecraft:custom":{"minecraft:open_barrel":232,"minecraft:interact_with_crafting_table":40,"minecraft:eat_cake_slice":3,"minecraft:leave_game":15,"minecraft:time_since_death":7823,"minecraft:damage_resisted":18,"minecraft:sprint_one_cm":1937859,"minecraft:damage_blocked_by_shield":685,"minecraft:drop":326,"minecraft:play_noteblock":1,"minecraft:talked_to_villager":12,"minecraft:play_time":728168,"minecraft:deaths":14,"minecraft:jump":8660,"minecraft:interact_with_brewingstand":1,"minecraft:walk_on_water_one_cm":41245,"minecraft:interact_with_furnace":17,"minecraft:sleep_in_bed":37,"minecraft:damage_dealt":73640,"minecraft:crouch_one_cm":84181,"tombstone:undead_killed":110,"tombstone:villager_killed":3,"minecraft:interact_with_smoker":1,"minecraft:inspect_dispenser":1,"minecraft:horse_one_cm":3238,"minecraft:interact_with_smithing_table":8,"minecraft:mob_kills":406,"minecraft:damage_dealt_resisted":6517,"minecraft:climb_one_cm":17517,"minecraft:walk_one_cm":2354881,"minecraft:damage_dealt_absorbed":880,"minecraft:sneak_time":28970,"minecraft:walk_under_water_one_cm":22858,"minecraft:interact_with_lectern":1,"minecraft:interact_with_blast_furnace":18,"minecraft:total_world_time":728168,"tombstone:raider_killed":4,"minecraft:time_since_rest":5564,"minecraft:damage_taken":11711,"minecraft:damage_absorbed":240,"minecraft:swim_one_cm":155266,"minecraft:fly_one_cm":1929010,"minecraft:open_chest":492,"minecraft:fall_one_cm":197426},"minecraft:killed":{"minecraft:cave_spider":9,"orcz:goblinshield":2,"born_in_chaos_v1:door_knight_not_despawn":1,"minecraft:spider":10,"faded_conquest_2:toxicrow":13,"undead_revamp2:thesmoker":1,"born_in_chaos_v1:baby_skeleton_minion":2,"minecraft:skeleton":36,"alexsmobs:leafcutter_ant":5,"orcz:squig":7,"born_in_chaos_v1:supreme_bonescaller_stage_2":1,"faded_conquest_2:mimic":4,"born_in_chaos_v1:firelight_not_despawn":3,"minecraft:piglin":1,"orcz:weirdboinecro":1,"spore:inf_player":8,"spore:inf_wanderer":5,"born_in_chaos_v1:bone_imp":1,"orcz:goblinsavagemace":6,"spore:inf_evoker":12,"minecraft:iron_golem":1,"minecraft:creeper":7,"minecraft:sheep":10,"spore:inf_villager":4,"call_of_yucutan:undead_warrior":1,"minecraft:pillager":3,"alexsmobs:flutter":2,"minecraft:zombie":21,"spore:inf_human":19,"minecraft:stray":13,"orcz:bigorcboss":10,"knightquest:gremlin":3,"orcz:orcsavage_2sword":8,"orcz:snot":28,"orcz:orcshield":8,"minecraft:cow":1,"minecraft:allay":1,"alexsmobs:raccoon":3,"farlanders:ender_guardian":1,"born_in_chaos_v1:skeleton_thrasher_not_despawn":1,"born_in_chaos_v1:thornshell_crab":1,"spore:inf_vindicator":15,"born_in_chaos_v1:firelight":1,"born_in_chaos_v1:maggot":4,"minecraft:phantom":1,"minecraft:horse":3,"mowziesmobs:ferrous_wroughtnaut":1,"spore:griefer":1,"alexsmobs:bison":2,"born_in_chaos_v1:corpse_fish":1,"orcz:orcsavagemace":9,"orcz:orcsavageweird":2,"minecraft:husk":12,"faded_conquest_2:the_plauge_bringer":1,"spore:stalker":1,"undead_revamp2:the_moonflower":1,"minecraft:bat":1,"minecraft:frog":3,"farlanders:ender_golem":1,"born_in_chaos_v1:decrepit_skeleton":4,"spore:inf_pillager":15,"alexsmobs:gazelle":1,"born_in_chaos_v1:bonescaller_not_despawn":2,"spore:inf_witch":4,"spore:claw":9,"spore:busser":1,"orcz:goblin_2sword":1,"minecraft:wither_skeleton":9,"minecraft:villager":3,"born_in_chaos_v1:decaying_zombie_not_despawn":2,"minecraft:enderman":2},"minecraft:dropped":{"minecraft:nether_brick_stairs":3,"spore:spine_fragment":6,"minecraft:oak_pressure_plate":1,"minecraft:cooked_beef":1,"minecraft:oak_log":72,"orcz:orcskull":4,"minecraft:diamond":20,"minecraft:dark_oak_sapling":1,"minecraft:glass_bottle":1,"minecraft:crossbow":1,"minecraft:red_wool":63,"born_in_chaos_v1:pieceofdarkmetal":30,"call_of_yucutan:red_limestone_tile_slab":1,"minecraft:leather_helmet":1,"orcz:orceye":6,"minecraft:red_bed":1,"minecraft:dark_oak_log":1,"minecraft:dark_oak_fence":3,"orcz:bone_1":1,"minecraft:mangrove_stairs":2,"minecraft:sand":6,"minecraft:birch_log":1,"minecraft:white_wool":2,"minecraft:bone":43,"born_in_chaos_v1:fire_dust":1,"alexsmobs:animal_dictionary":1,"minecraft:wheat":2,"minecraft:oak_planks":135,"minecraft:obsidian":6,"minecraft:rotten_flesh":23,"call_of_yucutan:mystic_vine":1,"divine_weaponry:diamond_glaive":1,"orcz:orcshroom":3,"minecraft:carrot":17,"minecraft:chainmail_chestplate":3,"bosses_of_mass_destruction:soul_star":1,"minecraft:tipped_arrow":1,"minecraft:brick_stairs":1,"minecraft:charcoal":2,"minecraft:chainmail_boots":1,"born_in_chaos_v1:corpse_maggot":3,"minecraft:chest":130,"faded_conquest_2:keyof_pestilence":1,"minecraft:leather_leggings":2,"minecraft:iron_bars":13,"minecraft:arrow":7,"minecraft:glass":3,"spore:armor_fragment":31,"born_in_chaos_v1:skullbreaker_hammer":1,"minecraft:enchanted_book":1,"minecraft:bread":20,"born_in_chaos_v1:shattered_skull":1,"minecraft:wheat_seeds":4,"minecraft:golden_helmet":1,"minecraft:mangrove_trapdoor":2,"minecraft:mossy_cobblestone":4,"minecraft:smooth_quartz_stairs":1,"orcz:palisadedarkoak":4,"minecraft:oak_fence":1,"born_in_chaos_v1:orbofthe_summoner":1,"orcz:orcagaric":4,"minecraft:spruce_stairs":1,"minecraft:stick":10,"minecraft:golden_apple":10,"minecraft:mushroom_stew":2,"minecraft:polished_andesite":1,"minecraft:diorite":2,"minecraft:brewing_stand":1,"minecraft:leather_horse_armor":1,"minecraft:torch":55,"minecraft:wooden_axe":1,"minecraft:diamond_helmet":1,"tombstone:grave_dust":2,"minecraft:potion":2,"minecraft:oak_stairs":3,"tacz:modern_kinetic_gun":6,"minecraft:iron_axe":1,"born_in_chaos_v1:staffof_magic_arrows":1,"spore:mutated_heart":5,"minecraft:chainmail_leggings":2,"minecraft:tripwire_hook":1,"spore:claw_fragment":74,"minecraft:gray_carpet":1,"minecraft:wild_armor_trim_smithing_template":1,"minecraft:dark_oak_sign":35,"useless_sword:ravager_sword":1,"minecraft:stone_shovel":1,"minecraft:chicken":1,"minecraft:iron_boots":1,"spore:cerebrum":2,"spore:mutated_fiber":61,"orcz:ironscrap":1,"minecraft:filled_map":1,"minecraft:diamond_sword":2,"minecraft:shield":1,"orcz:orcteeth":152,"minecraft:bundle":1,"minecraft:iron_chestplate":5,"born_in_chaos_v1:spiny_shell":3,"minecraft:golden_leggings":1,"minecraft:oak_sapling":2,"orcz:squigs_claws":3,"minecraft:stone_bricks":20,"minecraft:barrel":10,"minecraft:spider_eye":1,"tacz:ammo":480,"knightquest:small_essence":52,"minecraft:wooden_pickaxe":1,"minecraft:calcite":485,"orcz:orchorn":2},"minecraft:broken":{"minecraft:diamond_helmet":1,"minecraft:iron_boots":2,"minecraft:iron_leggings":1,"minecraft:chainmail_helmet":1,"minecraft:leather_boots":1,"minecraft:iron_pickaxe":1},"minecraft:killed_by":{"born_in_chaos_v1:decaying_zombie_not_despawn":1,"orcz:orcsavagemace":1,"spore:inf_evoker":1,"spore:inf_player":1,"spore:inf_vindicator":7},"minecraft:crafted":{"minecraft:oak_planks":1080,"minecraft:barrel":6,"minecraft:stone":61,"travelersbackpack:diamond":2,"minecraft:bookshelf":23,"minecraft:glass":3,"minecraft:iron_boots":2,"minecraft:chest":129,"minecraft:oak_slab":12,"minecraft:diamond_axe":1,"minecraft:crafting_table":5,"minecraft:spruce_planks":4,"minecraft:wooden_pickaxe":1,"minecraft:copper_ingot":143,"minecraft:iron_chestplate":1,"minecraft:stick":56,"minecraft:iron_ingot":9,"minecraft:iron_pickaxe":1,"minecraft:gold_ingot":2,"minecraft:shears":1,"minecraft:cherry_planks":456,"minecraft:fishing_rod":1,"minecraft:furnace":7,"minecraft:diamond":27,"minecraft:stone_pickaxe":1,"minecraft:wheat":639,"minecraft:enchanting_table":1,"minecraft:red_bed":1,"minecraft:bucket":1,"minecraft:bread":171,"minecraft:air":0,"minecraft:wooden_axe":1,"minecraft:iron_leggings":1,"minecraft:white_bed":1,"minecraft:torch":236},"minecraft:picked_up":{"minecraft:iron_chestplate":4,"spore:mutated_heart":11,"minecraft:birch_door":15,"minecraft:wheat":128,"minecraft:redstone_block":1,"minecraft:chainmail_boots":3,"minecraft:iron_trapdoor":4,"minecraft:flower_pot":1,"minecraft:diamond_sword":4,"minecraft:oak_stairs":3,"minecraft:golden_shovel":1,"minecraft:enchanted_book":4,"minecraft:potion":7,"minecraft:brewing_stand":1,"minecraft:soul_soil":1,"minecraft:polished_deepslate_wall":15,"minecraft:polished_deepslate":28,"alexsmobs:gazelle_horn":1,"spore:innards":1,"minecraft:string":16,"minecraft:dark_oak_trapdoor":194,"minecraft:waxed_cut_copper_slab":32,"minecraft:raw_copper":210,"minecraft:red_nether_bricks":2,"minecraft:armor_stand":4,"minecraft:oak_sign":1,"minecraft:beetroot":15,"minecraft:cobbled_deepslate":6,"bosses_of_mass_destruction:soul_star":1,"call_of_yucutan:red_limestone_tile_slab":1,"minecraft:redstone_torch":3,"minecraft:calcite":388,"alexsmobs:raccoon_tail":1,"minecraft:melon_slice":4,"minecraft:coal_block":7,"minecraft:smooth_quartz_stairs":1,"minecraft:furnace":8,"minecraft:golden_helmet":1,"minecraft:tipped_arrow":5,"minecraft:stick":70,"orcz:orcskull":16,"born_in_chaos_v1:shattered_skull":1,"minecraft:birch_trapdoor":10,"minecraft:oak_fence":6,"minecraft:torch":22,"minecraft:green_bed":1,"minecraft:spruce_stairs":31,"travelersbackpack:diamond_tier_upgrade":1,"minecraft:cherry_log":178,"orcz:squigs_claws":6,"tombstone:grave_dust":6,"minecraft:diorite":67,"travelersbackpack:crafting_upgrade":1,"orcz:palisadedarkoak":4,"tombstone:tablet_of_cupidity":2,"minecraft:brown_carpet":25,"minecraft:waxed_cut_copper_stairs":19,"minecraft:mangrove_stairs":4,"minecraft:rotten_flesh":73,"call_of_yucutan:mystic_vine":1,"faded_conquest_2:skull_pile":1,"orcz:orcshroom":6,"minecraft:iron_block":1,"minecraft:waxed_cut_copper":3,"minecraft:deepslate_brick_stairs":7,"minecraft:obsidian":10,"minecraft:iron_bars":41,"minecraft:cobblestone":262,"minecraft:birch_log":1,"minecraft:pink_petals":10,"born_in_chaos_v1:staffof_magic_arrows":1,"minecraft:leather_chestplate":2,"minecraft:feather":1,"minecraft:cooked_beef":1,"orcz:orcteeth":491,"born_in_chaos_v1:spiritual_dust":3,"minecraft:golden_leggings":1,"minecraft:potato":1,"alexsmobs:bison_fur":2,"minecraft:stripped_spruce_wood":1,"divine_weaponry:diamond_glaive":2,"minecraft:dirt":143,"minecraft:mangrove_slab":2,"faded_conquest_2:keyof_pestilence":3,"minecraft:purple_carpet":1,"minecraft:leather_boots":1,"minecraft:bone":151,"minecraft:bow":1,"minecraft:wheat_seeds":6,"born_in_chaos_v1:skullbreaker_hammer":2,"minecraft:dark_oak_sign":47,"minecraft:mossy_stone_bricks":1,"minecraft:diamond_helmet":2,"minecraft:cyan_candle":58,"tacz:gun_smith_table":3,"minecraft:oak_planks":179,"beautify:hanging_pot":1,"spore:cerebrum":8,"spore:armor_fragment":33,"orcz:orcagaric":9,"minecraft:oak_pressure_plate":1,"orcz:blue_orcshroom":6,"minecraft:sand":24,"minecraft:stripped_spruce_log":1,"minecraft:nether_brick_stairs":3,"minecraft:cyan_bed":3,"minecraft:diamond_block":3,"minecraft:dark_oak_log":5,"minecraft:barrel":18,"minecraft:mossy_cobblestone":7,"minecraft:dark_prismarine":5,"spore:claw_fragment":77,"minecraft:bundle":1,"minecraft:polished_andesite":1,"born_in_chaos_v1:fire_dust":10,"minecraft:diamond":94,"minecraft:soul_lantern":2,"minecraft:chainmail_helmet":1,"knightquest:small_essence":75,"minecraft:crossbow":2,"minecraft:spruce_sign":10,"orcz:ironscrap":7,"minecraft:dark_oak_fence":4,"minecraft:golden_apple":12,"minecraft:light_gray_carpet":40,"minecraft:bread":17,"minecraft:golden_horse_armor":1,"minecraft:emerald":18,"spore:spine_fragment":14,"minecraft:oak_sapling":10,"minecraft:netherrack":4,"minecraft:diamond_pickaxe":1,"minecraft:crafting_table":3,"minecraft:charcoal":2,"minecraft:waxed_oxidized_cut_copper":22,"minecraft:chicken":1,"minecraft:ladder":3,"born_in_chaos_v1:seedof_chaos":5,"minecraft:turtle_helmet":1,"minecraft:leather_leggings":3,"minecraft:gold_block":5,"minecraft:diamond_horse_armor":1,"minecraft:chain":1,"minecraft:shield":1,"minecraft:cornflower":1,"minecraft:red_bed":2,"minecraft:iron_axe":1,"minecraft:item_frame":1,"faded_conquest_2:key_of_death":2,"farlanders:ender_horn":2,"tacz:ammo":1020,"minecraft:cyan_carpet":131,"useless_sword:ravager_sword":1,"minecraft:cracked_stone_bricks":4,"minecraft:beef":39,"minecraft:cyan_wool":6,"minecraft:spruce_slab":2,"minecraft:lectern":2,"minecraft:sugar_cane":16,"minecraft:chest":9,"minecraft:spruce_trapdoor":14,"minecraft:phantom_membrane":2,"minecraft:egg":6,"minecraft:dark_oak_sapling":1,"spore:tumor":1,"minecraft:raw_iron":11,"minecraft:stripped_mangrove_wood":3,"minecraft:copper_ingot":25,"minecraft:note_block":1,"minecraft:spruce_fence":4,"minecraft:cake":4,"orcz:orchorn":23,"minecraft:mangrove_sign":2,"born_in_chaos_v1:pieceofdarkmetal":10,"minecraft:carrot":31,"minecraft:mangrove_trapdoor":2,"minecraft:stone_pressure_plate":4,"minecraft:dark_oak_planks":23,"minecraft:arrow":53,"minecraft:stone_shovel":1,"minecraft:pumpkin_pie":4,"minecraft:nether_bricks":1,"minecraft:deepslate_bricks":3,"minecraft:waxed_oxidized_cut_copper_stairs":6,"minecraft:hay_block":91,"minecraft:stripped_dark_oak_wood":4,"born_in_chaos_v1:spiny_shell":3,"minecraft:gold_ingot":7,"minecraft:glistering_melon_slice":9,"minecraft:brick_stairs":2,"minecraft:mutton":10,"minecraft:skeleton_skull":2,"minecraft:white_wool":6,"born_in_chaos_v1:corpse_maggot":3,"minecraft:lime_bed":2,"minecraft:tripwire_hook":4,"minecraft:leather":7,"minecraft:mushroom_stew":7,"minecraft:oak_log":207,"minecraft:chainmail_chestplate":3,"minecraft:waxed_copper_block":25,"minecraft:cobbled_deepslate_stairs":4,"minecraft:yellow_bed":6,"minecraft:gunpowder":14,"mowziesmobs:wrought_axe":1,"minecraft:red_carpet":8,"minecraft:apple":40,"minecraft:gray_carpet":33,"minecraft:stone_bricks":8,"minecraft:wild_armor_trim_smithing_template":4,"minecraft:iron_ingot":10,"tombstone:bag_of_seeds":1,"spore:mutated_fiber":130,"minecraft:dark_oak_stairs":117,"minecraft:book":192,"minecraft:pumpkin":1,"orcz:bone_1":1,"born_in_chaos_v1:orbofthe_summoner":1,"minecraft:red_wool":66,"minecraft:quartz":12,"minecraft:weathered_copper":1,"alexsmobs:sombrero":1,"mowziesmobs:wrought_helmet":1,"minecraft:blast_furnace":6,"minecraft:white_bed":1,"minecraft:spruce_door":4,"minecraft:spider_eye":2,"minecraft:leather_helmet":1,"travelersbackpack:standard":1,"minecraft:light_gray_candle":6,"tombstone:scroll_of_knowledge":1,"tacz:modern_kinetic_gun":7,"minecraft:chainmail_leggings":2,"minecraft:painting":1,"minecraft:cherry_sapling":44,"minecraft:mossy_cobblestone_stairs":1,"tombstone:magic_scroll":6,"orcz:orceye":8,"call_of_yucutan:macuahuitl":1,"minecraft:coal":155,"minecraft:ender_pearl":2},"minecraft:used":{"minecraft:cherry_sapling":43,"minecraft:polished_deepslate":3,"minecraft:ladder":1,"minecraft:chest":2,"minecraft:shield":27,"travelersbackpack:diamond":32,"minecraft:nether_bricks":1,"minecraft:mangrove_stairs":1,"orcz:orcagaric":2,"minecraft:stone_bricks":2,"minecraft:mangrove_slab":1,"minecraft:furnace":4,"minecraft:skeleton_skull":2,"minecraft:dark_oak_stairs":15,"minecraft:mossy_stone_bricks":24,"minecraft:stone_pickaxe":17,"minecraft:dark_oak_sign":1,"minecraft:gray_carpet":9,"minecraft:oak_planks":119,"minecraft:wooden_pickaxe":4,"minecraft:diamond_axe":199,"beautify:hanging_pot":2,"minecraft:golden_apple":6,"minecraft:glow_berries":8,"minecraft:cookie":7,"minecraft:stripped_mangrove_wood":3,"minecraft:dark_oak_trapdoor":59,"minecraft:sand":3,"orcz:bone_1":1,"minecraft:shears":25,"minecraft:bread":183,"minecraft:light_gray_candle":2,"minecraft:cyan_carpet":11,"orcz:big_bone_1":1,"minecraft:soul_lantern":1,"minecraft:diamond_sword":718,"useless_sword:ravager_sword":336,"minecraft:experience_bottle":7,"faded_conquest_2:skull_pile":1,"minecraft:iron_bars":6,"minecraft:enchanting_table":1,"tacz:gun_smith_table":3,"minecraft:netherrack":1,"minecraft:torch":330,"minecraft:dirt":15,"minecraft:spruce_stairs":4,"minecraft:wooden_axe":11,"minecraft:dark_oak_planks":17,"minecraft:bookshelf":19,"minecraft:iron_axe":665,"minecraft:barrel":10,"tombstone:gift":9,"minecraft:cooked_beef":10,"minecraft:cobbled_deepslate":6,"minecraft:calcite":15,"minecraft:water_bucket":2,"minecraft:cyan_candle":5,"minecraft:red_nether_bricks":2,"minecraft:waxed_oxidized_cut_copper":2,"minecraft:green_bed":2,"minecraft:cracked_stone_bricks":2,"minecraft:mossy_cobblestone":3,"minecraft:lime_bed":2,"minecraft:crafting_table":8,"minecraft:red_bed":2,"minecraft:white_bed":1,"mowziesmobs:wrought_axe":8,"minecraft:dark_prismarine":5,"minecraft:apple":4,"minecraft:diamond_pickaxe":741,"minecraft:iron_pickaxe":250,"tombstone:magic_scroll":1,"minecraft:spruce_trapdoor":2,"travelersbackpack:standard":12,"minecraft:potion":1,"minecraft:cobblestone":111,"minecraft:bucket":3,"minecraft:yellow_bed":4,"minecraft:splash_potion":2}},"DataVersion":3465}