{"stats":{"minecraft:killed":{"minecraft:sheep":3,"born_in_chaos_v1:decrepit_skeleton":2},"minecraft:killed_by":{"born_in_chaos_v1:decaying_zombie_not_despawn":1},"minecraft:dropped":{"alexsmobs:animal_dictionary":1,"minecraft:wooden_axe":1,"minecraft:iron_axe":1,"minecraft:wooden_pickaxe":1},"minecraft:crafted":{"minecraft:oak_planks":36,"minecraft:crafting_table":2,"minecraft:stick":8,"minecraft:wooden_pickaxe":1,"minecraft:stone_pickaxe":1,"minecraft:wooden_axe":1,"minecraft:white_bed":1},"minecraft:picked_up":{"minecraft:crafting_table":3,"minecraft:oak_log":9,"minecraft:white_bed":1,"minecraft:iron_axe":1,"minecraft:bone":2,"minecraft:rotten_flesh":4,"tombstone:magic_scroll":1,"minecraft:sugar_cane":16,"minecraft:mutton":5,"minecraft:oak_planks":1,"minecraft:white_wool":3,"minecraft:cobblestone":3},"minecraft:mined":{"minecraft:white_bed":1,"minecraft:crafting_table":3,"minecraft:oak_log":9,"minecraft:stone":3,"minecraft:oak_planks":1,"minecraft:sugar_cane":6,"minecraft:spawner":3},"minecraft:used":{"minecraft:wooden_axe":11,"minecraft:iron_axe":3,"minecraft:stone_pickaxe":17,"minecraft:oak_planks":1,"minecraft:wooden_pickaxe":4,"minecraft:crafting_table":4,"minecraft:white_bed":1},"minecraft:custom":{"minecraft:time_since_rest":3731,"minecraft:sprint_one_cm":55105,"minecraft:damage_taken":220,"minecraft:walk_one_cm":62195,"minecraft:mob_kills":5,"minecraft:drop":4,"minecraft:damage_dealt":950,"minecraft:swim_one_cm":34704,"minecraft:interact_with_crafting_table":6,"minecraft:fly_one_cm":32579,"minecraft:open_barrel":13,"minecraft:open_chest":5,"minecraft:crouch_one_cm":842,"minecraft:play_time":18081,"tombstone:undead_killed":2,"minecraft:deaths":1,"minecraft:sneak_time":406,"minecraft:walk_under_water_one_cm":1651,"minecraft:jump":216,"minecraft:leave_game":1,"minecraft:time_since_death":8628,"minecraft:walk_on_water_one_cm":5725,"minecraft:sleep_in_bed":1,"minecraft:total_world_time":18081,"minecraft:fall_one_cm":3160}},"DataVersion":3465}