{"stats":{"minecraft:used":{"spore:cdu":2,"minecraft:shield":59,"minecraft:iron_sword":552,"minecraft:bell":1,"spore:frozen_reinforced_door":3,"minecraft:obsidian":14,"born_in_chaos_v1:corpse_maggot":1,"minecraft:packed_ice":62,"aquaculture:diamond_fishing_rod":15,"minecraft:stone_bricks":78,"minecraft:bow":61,"minecraft:sweet_berries":3,"minecraft:furnace":4,"minecraft:egg":18,"minecraft:mossy_stone_bricks":1,"minecraft:stone_pickaxe":38,"minecraft:blackstone":1,"minecraft:wooden_pickaxe":14,"minecraft:diamond_axe":211,"minecraft:sand":3,"minecraft:black_bed":1,"minecraft:redstone_torch":1,"minecraft:lever":5,"minecraft:dark_oak_log":2,"minecraft:bread":82,"minecraft:string":1,"minecraft:gravel":29,"minecraft:diamond_sword":139,"minecraft:coal_block":3,"minecraft:ice":18,"minecraft:experience_bottle":26,"minecraft:enchanting_table":1,"minecraft:iron_bars":7,"minecraft:stone_sword":28,"minecraft:flint_and_steel":1,"minecraft:spruce_planks":37,"minecraft:netherrack":9,"minecraft:torch":408,"spore:vent_door":1,"minecraft:dirt":8,"minecraft:spruce_stairs":2,"minecraft:granite":2,"minecraft:spruce_fence":2,"minecraft:dark_oak_planks":44,"minecraft:bookshelf":18,"minecraft:iron_boots":1,"minecraft:basalt":9,"minecraft:cooked_beef":7,"spore:rusted_vent_plate":3,"aquaculture:tackle_box":1,"minecraft:water_bucket":41,"minecraft:cobblestone_slab":8,"minecraft:crafting_table":3,"minecraft:white_bed":1,"theinkarena:ink_bucket":2,"minecraft:spruce_log":1,"minecraft:diamond_pickaxe":552,"minecraft:apple":3,"tombstone:magic_scroll":1,"minecraft:spruce_sapling":2,"minecraft:cobblestone":113,"travelersbackpack:standard":4,"minecraft:cooked_porkchop":8,"minecraft:porkchop":7,"minecraft:bucket":43,"minecraft:kelp":27},"minecraft:killed":{"minecraft:cave_spider":7,"spore:inf_hazmat":2,"mythicmounts:dragon":1,"minecraft:spider":7,"minecraft:skeleton":10,"alexsmobs:banana_slug":1,"theinkarena:ink_brute":3,"orcz:squig":2,"orcz:weirdboinecro":1,"minecraft:pig":4,"spore:inf_player":4,"alexsmobs:grizzly_bear":1,"spore:inf_wanderer":1,"orcz:goblinsavagemace":3,"born_in_chaos_v1:glutton_fish":1,"spore:inf_drowned":2,"minecraft:creeper":72,"minecraft:sheep":1,"spore:inf_villager":4,"spore:inf_human":7,"minecraft:zombie":18,"orcz:bigorcboss":3,"minecraft:stray":1,"orcz:orcsavage_2sword":4,"orcz:snot":17,"orcz:orcshield":4,"alexsmobs:raccoon":1,"alexsmobs:seagull":1,"born_in_chaos_v1:skeleton_thrasher_not_despawn":1,"born_in_chaos_v1:thornshell_crab":1,"born_in_chaos_v1:maggot":8,"theinkarena:ink_titan":1,"alexsmobs:blue_jay":1,"born_in_chaos_v1:corpse_fish":3,"orcz:orcsavagemace":4,"alexsmobs:tusklin":1,"spore:brute":1,"theinkarena:soul_specter":3,"spore:inf_pillager":2,"alexsmobs:cockroach":1,"knightquest:lizzy":1,"spore:inf_witch":1,"alexsmobs:crow":1,"theinkarena:titan_splotch":3,"minecraft:wither_skeleton":3,"orcz:goblin_2sword":1},"minecraft:custom":{"minecraft:interact_with_crafting_table":32,"minecraft:open_barrel":38,"minecraft:bell_ring":65,"minecraft:eat_cake_slice":5,"minecraft:leave_game":17,"minecraft:time_since_death":66265,"minecraft:sprint_one_cm":1247567,"minecraft:damage_blocked_by_shield":2955,"minecraft:drop":182,"minecraft:talked_to_villager":10,"minecraft:play_time":392670,"minecraft:deaths":5,"minecraft:jump":5691,"minecraft:walk_on_water_one_cm":84762,"minecraft:enchant_item":1,"minecraft:interact_with_furnace":22,"minecraft:traded_with_villager":1,"minecraft:sleep_in_bed":20,"minecraft:damage_dealt":36323,"minecraft:crouch_one_cm":21132,"tombstone:undead_killed":34,"minecraft:inspect_dispenser":2,"minecraft:horse_one_cm":20379,"minecraft:mob_kills":225,"minecraft:interact_with_anvil":3,"minecraft:damage_dealt_resisted":1883,"minecraft:climb_one_cm":14115,"minecraft:walk_one_cm":822072,"minecraft:sneak_time":11783,"minecraft:walk_under_water_one_cm":44346,"minecraft:total_world_time":392670,"minecraft:time_since_rest":7908,"minecraft:damage_taken":4975,"minecraft:trigger_trapped_chest":1,"minecraft:swim_one_cm":88480,"minecraft:fly_one_cm":1124429,"minecraft:open_chest":325,"minecraft:fish_caught":10,"minecraft:fall_one_cm":130094},"minecraft:mined":{"minecraft:spruce_planks":9,"minecraft:white_bed":1,"minecraft:red_nether_bricks":1,"minecraft:obsidian":14,"minecraft:granite":3,"minecraft:grass_block":2,"minecraft:stone_brick_wall":1,"minecraft:coal_block":12,"minecraft:chiseled_stone_bricks":1,"minecraft:spawner":48,"minecraft:mossy_cobblestone_stairs":2,"minecraft:fire":14,"minecraft:nether_brick_stairs":6,"minecraft:iron_bars":13,"minecraft:quartz_block":9,"minecraft:blackstone":1,"minecraft:kelp_plant":5,"minecraft:torch":4,"minecraft:chest":2,"minecraft:glass":14,"minecraft:nether_quartz_ore":13,"minecraft:cobblestone":32,"minecraft:wall_torch":13,"minecraft:light_blue_terracotta":1,"minecraft:black_bed":1,"minecraft:stone_brick_stairs":1,"minecraft:grass":8,"minecraft:oak_log":2,"minecraft:dirt":11,"minecraft:sand":35,"minecraft:smooth_quartz":1,"minecraft:tripwire_hook":2,"spore:frozen_reinforced_door":3,"minecraft:netherrack":19,"minecraft:oak_leaves":3,"minecraft:emerald_block":1,"create:zinc_ore":4,"minecraft:lever":2,"minecraft:redstone_wire":4,"minecraft:spruce_leaves":20,"steam_powered:tin_ore":7,"minecraft:hay_block":50,"steam_powered:zinc_ore":13,"spore:cdu":2,"minecraft:andesite":4,"minecraft:stripped_spruce_log":1,"treechop:chopped_log":26,"minecraft:bell":1,"orcz:orcshroom":1,"minecraft:mossy_stone_brick_stairs":4,"minecraft:bookshelf":6,"minecraft:cobblestone_slab":2,"minecraft:deepslate_iron_ore":7,"minecraft:vine":4,"minecraft:packed_ice":1,"minecraft:stone":292,"spore:vent_plate":5,"minecraft:redstone_block":7,"minecraft:basalt":9,"minecraft:crafting_table":1,"minecraft:copper_ore":7,"minecraft:diorite":4,"minecraft:spruce_stairs":2,"minecraft:sweet_berry_bush":1,"minecraft:ice":5,"minecraft:spruce_log":1,"minecraft:coal_ore":33,"minecraft:gravel":30,"spore:rusted_vent_plate":1,"minecraft:cracked_stone_bricks":3,"minecraft:stone_bricks":5},"minecraft:crafted":{"minecraft:cobblestone_slab":6,"minecraft:lever":4,"minecraft:bookshelf":18,"theinkarena:paper_airplane":1,"minecraft:emerald":9,"minecraft:diamond_axe":2,"minecraft:crafting_table":3,"aquaculture:tackle_box":1,"minecraft:spruce_planks":744,"minecraft:wooden_pickaxe":1,"minecraft:baked_potato":34,"minecraft:diamond_pickaxe":1,"minecraft:shield":1,"aquaculture:iron_hook":1,"minecraft:stick":72,"minecraft:iron_ingot":1,"minecraft:iron_block":1,"minecraft:stone_sword":1,"minecraft:gold_ingot":36,"aquaculture:gold_hook":1,"minecraft:coal":180,"minecraft:iron_nugget":9,"minecraft:furnace":1,"minecraft:spruce_fence":3,"minecraft:flint_and_steel":1,"minecraft:stone_pickaxe":1,"minecraft:dark_oak_planks":152,"minecraft:wheat":441,"minecraft:cooked_beef":1,"aquaculture:fishing_line":1,"aquaculture:diamond_fishing_rod":1,"minecraft:enchanted_book":1,"minecraft:bread":128,"minecraft:air":0,"minecraft:gold_nugget":9,"minecraft:torch":360},"minecraft:picked_up":{"spore:mutated_heart":3,"minecraft:iron_chestplate":1,"minecraft:chainmail_boots":1,"minecraft:redstone_block":10,"aquaculture:catfish":1,"minecraft:lead":1,"minecraft:diamond_sword":1,"minecraft:enchanted_book":1,"minecraft:potion":3,"minecraft:stone_brick_stairs":3,"spore:innards":1,"minecraft:string":12,"minecraft:raw_copper":40,"minecraft:iron_leggings":1,"minecraft:pufferfish":3,"minecraft:spruce_planks":11,"steam_powered:raw_zinc":13,"minecraft:redstone_torch":1,"minecraft:cobblestone_slab":2,"alexsmobs:raccoon_tail":1,"minecraft:coal_block":12,"spore:frozen_reinforced_door":3,"minecraft:iron_boots":3,"minecraft:golden_helmet":1,"minecraft:stick":47,"born_in_chaos_v1:shattered_skull":1,"orcz:orcskull":3,"minecraft:torch":111,"minecraft:spruce_stairs":10,"minecraft:snow_block":5,"minecraft:porkchop":8,"orcz:squigs_claws":2,"minecraft:diorite":5,"minecraft:quartz_block":9,"minecraft:rotten_flesh":12,"born_in_chaos_v1:sea_terror_eye":2,"orcz:orcshroom":6,"minecraft:obsidian":14,"minecraft:iron_bars":18,"minecraft:cod":1,"minecraft:snowball":1,"minecraft:cobblestone":580,"minecraft:feather":4,"orcz:orcteeth":59,"minecraft:iron_door":1,"minecraft:andesite":20,"minecraft:black_bed":1,"minecraft:potato":128,"alexsmobs:bear_fur":3,"minecraft:flint":1,"create:raw_zinc":8,"minecraft:dirt":92,"minecraft:bone":19,"minecraft:bow":1,"minecraft:wheat_seeds":2,"minecraft:bell":1,"minecraft:mossy_stone_bricks":2,"minecraft:mossy_stone_brick_stairs":3,"spore:vent_door":1,"spore:cerebrum":3,"minecraft:cooked_porkchop":8,"spore:armor_fragment":6,"orcz:orcagaric":7,"minecraft:poisonous_potato":1,"minecraft:sand":35,"orcz:blue_orcshroom":2,"minecraft:stripped_spruce_log":1,"minecraft:nether_brick_stairs":6,"minecraft:diamond_block":1,"spore:rusted_vent_plate":3,"minecraft:dark_oak_log":102,"minecraft:light_blue_terracotta":1,"minecraft:diamond":16,"minecraft:lever":3,"minecraft:blue_ice":61,"knightquest:small_essence":111,"minecraft:granite":10,"minecraft:bone_meal":4,"minecraft:bread":1,"minecraft:chainmail_helmet":1,"spore:spine_fragment":1,"born_in_chaos_v1:rotten_fish":14,"minecraft:netherrack":16,"born_in_chaos_v1:sea_terror_stomach":1,"useless_sword:prismarine_sword":1,"minecraft:crafting_table":1,"minecraft:brown_mushroom":9,"minecraft:packed_ice":18,"minecraft:stone_brick_wall":1,"minecraft:gold_block":1,"minecraft:blackstone":1,"minecraft:cracked_stone_bricks":5,"aquaculture:bluegill":1,"theinkarena:ink_waste":1,"minecraft:chest":2,"minecraft:egg":1,"minecraft:dark_oak_sapling":12,"minecraft:raw_iron":5,"orcz:orchorn":2,"born_in_chaos_v1:pieceofdarkmetal":2,"minecraft:redstone":4,"minecraft:stone_pressure_plate":1,"minecraft:diamond_chestplate":1,"minecraft:arrow":64,"minecraft:hay_block":49,"aquaculture:carp":2,"born_in_chaos_v1:spiny_shell":3,"tombstone:essence_of_undeath":1,"minecraft:glow_berries":3,"minecraft:mutton":1,"minecraft:white_wool":1,"spore:cdu":2,"born_in_chaos_v1:corpse_maggot":4,"minecraft:basalt":9,"born_in_chaos_v1:monster_flesh":1,"minecraft:tripwire_hook":2,"minecraft:salmon":1,"minecraft:leather":1,"minecraft:ice":6,"minecraft:oak_log":2,"minecraft:gunpowder":136,"minecraft:stone_bricks":6,"minecraft:kelp":40,"minecraft:wild_armor_trim_smithing_template":2,"minecraft:stone_pickaxe":3,"tombstone:bag_of_seeds":1,"spore:mutated_fiber":30,"aquaculture:minnow":1,"minecraft:glass_bottle":1,"minecraft:iron_sword":1,"minecraft:book":18,"minecraft:emerald_block":1,"alexsmobs:bear_dust":1,"minecraft:sweet_berries":3,"minecraft:chiseled_stone_bricks":1,"minecraft:quartz":13,"minecraft:gravel":29,"minecraft:spruce_sapling":51,"minecraft:white_bed":1,"minecraft:spruce_log":151,"minecraft:spider_eye":4,"travelersbackpack:standard":1,"spore:vent_plate":19,"steam_powered:raw_tin":9,"minecraft:mossy_cobblestone_stairs":2,"orcz:orceye":1,"minecraft:coal":32},"minecraft:broken":{"minecraft:iron_sword":1,"minecraft:iron_helmet":1},"minecraft:dropped":{"aquaculture:carp":2,"minecraft:iron_sword":1,"minecraft:porkchop":1,"minecraft:diamond_axe":1,"orcz:orcskull":1,"minecraft:mossy_stone_brick_stairs":1,"minecraft:cracked_stone_bricks":5,"minecraft:saddle":1,"born_in_chaos_v1:pieceofdarkmetal":2,"orcz:orceye":1,"minecraft:bone_meal":1,"minecraft:lever":1,"spore:vent_plate":19,"alexsmobs:animal_dictionary":1,"tombstone:gift":1,"minecraft:rotten_flesh":4,"minecraft:chiseled_stone_bricks":1,"minecraft:gunpowder":74,"aquaculture:bluegill":1,"minecraft:stone_brick_wall":1,"aquaculture:catfish":1,"minecraft:iron_bars":4,"minecraft:arrow":3,"minecraft:stone_brick_stairs":2,"minecraft:enchanted_book":1,"minecraft:iron_ingot":6,"minecraft:bread":64,"minecraft:wheat_seeds":2,"minecraft:poisonous_potato":1,"minecraft:iron_helmet":1,"minecraft:spruce_stairs":8,"minecraft:cobweb":48,"minecraft:torch":147,"minecraft:iron_door":1,"minecraft:iron_leggings":4,"minecraft:mossy_cobblestone_stairs":1,"minecraft:iron_shovel":1,"minecraft:wild_armor_trim_smithing_template":2,"minecraft:iron_boots":2,"minecraft:iron_hoe":1,"spore:mutated_fiber":16,"minecraft:diamond_sword":1,"minecraft:potato":108,"minecraft:shield":2,"minecraft:spruce_planks":76,"minecraft:diamond_pickaxe":1,"minecraft:iron_chestplate":3,"minecraft:mossy_stone_bricks":1,"minecraft:stone_pressure_plate":1,"minecraft:stone_bricks":4,"knightquest:small_essence":10,"minecraft:spruce_log":93,"minecraft:stone_pickaxe":2,"minecraft:wooden_pickaxe":1,"minecraft:light_blue_terracotta":1},"minecraft:killed_by":{"alexsmobs:grizzly_bear":1,"spore:inf_hazmat":2,"spore:inf_wanderer":1}},"DataVersion":3465}