{"stats":{"minecraft:dropped":{"minecraft:iron_ingot":28,"minecraft:mangrove_trapdoor":1,"minecraft:glass_bottle":1,"minecraft:iron_helmet":2,"born_in_chaos_v1:black_argillite":1,"minecraft:diorite":5,"minecraft:polished_blackstone_pressure_plate":2,"minecraft:cornflower":1,"minecraft:smooth_quartz":2,"tombstone:grave_dust":4,"minecraft:potion":2,"minecraft:pumpkin_pie":8,"minecraft:redstone":5,"minecraft:stone_axe":1,"minecraft:cobbled_deepslate":1,"steam_powered:raw_zinc":1,"minecraft:rotten_flesh":2,"minecraft:light_gray_concrete":3,"minecraft:flower_pot":2,"minecraft:andesite":7,"minecraft:cake":2,"born_in_chaos_v1:corpse_maggot":1,"born_in_chaos_v1:diamond_termite_shard":3,"faded_conquest_2:keyof_pestilence":1,"minecraft:wooden_pickaxe":3},"minecraft:killed":{"minecraft:vex":1,"minecraft:cave_spider":1,"born_in_chaos_v1:pumpkin_spirit":1,"minecraft:spider":1,"faded_conquest_2:toxicrow":7,"born_in_chaos_v1:maggot":1,"minecraft:skeleton":19,"faded_conquest_2:doomharbor_lich":1,"faded_conquest_2:mimic":3,"born_in_chaos_v1:firelight_not_despawn":1,"minecraft:magma_cube":1,"minecraft:husk":5,"minecraft:pig":5,"spore:inf_player":2,"born_in_chaos_v1:diamond_termite":3,"undead_revamp2:the_moonflower":1,"born_in_chaos_v1:decrepit_skeleton":2,"spore:inf_pillager":6,"minecraft:sheep":5,"spore:inf_villager":2,"spore:inf_human":7,"minecraft:zombie":2,"faded_conquest_2:infested":1,"minecraft:stray":5},"minecraft:picked_up":{"spore:mutated_heart":2,"born_in_chaos_v1:diamond_termite_shard":3,"minecraft:crafting_table":1,"born_in_chaos_v1:river_mint":6,"minecraft:flower_pot":3,"minecraft:wooden_pickaxe":2,"born_in_chaos_v1:black_argillite":1,"minecraft:cornflower":1,"minecraft:string":3,"faded_conquest_2:key_of_death":1,"minecraft:cracked_stone_bricks":2,"minecraft:cobbled_deepslate":60,"steam_powered:raw_zinc":1,"minecraft:andesite_stairs":1,"minecraft:smooth_quartz":2,"minecraft:spruce_slab":5,"minecraft:coal_block":3,"minecraft:furnace":3,"minecraft:tipped_arrow":3,"minecraft:stick":3,"minecraft:raw_iron":70,"minecraft:porkchop":9,"tombstone:grave_dust":3,"minecraft:diorite":5,"minecraft:redstone":5,"minecraft:mangrove_trapdoor":1,"minecraft:dark_oak_planks":1,"minecraft:arrow":20,"minecraft:rotten_flesh":5,"minecraft:hay_block":1,"minecraft:mutton":1,"minecraft:white_wool":5,"minecraft:cobblestone":49,"born_in_chaos_v1:corpse_maggot":2,"minecraft:andesite":7,"minecraft:tuff":16,"minecraft:oak_log":28,"minecraft:dirt":7,"faded_conquest_2:keyof_pestilence":1,"minecraft:red_carpet":2,"minecraft:bone":17,"minecraft:stone_bricks":1,"minecraft:wheat_seeds":3,"minecraft:cobweb":3,"spore:mutated_fiber":13,"minecraft:mossy_stone_bricks":1,"minecraft:glass_bottle":1,"minecraft:dark_oak_stairs":1,"minecraft:book":42,"spore:cerebrum":3,"minecraft:dark_oak_slab":5,"born_in_chaos_v1:ethereal_spirit":1,"minecraft:sand":1,"minecraft:blast_furnace":3,"minecraft:cyan_bed":4,"minecraft:dark_oak_log":3,"minecraft:barrel":2,"minecraft:leather_helmet":1,"minecraft:light_gray_concrete":3,"minecraft:diamond":2,"born_in_chaos_v1:fire_dust":1,"minecraft:stone_axe":2,"minecraft:slime_block":1,"minecraft:polished_blackstone_pressure_plate":4,"steam_powered:raw_tin":1,"minecraft:iron_helmet":1,"knightquest:small_essence":22,"minecraft:gray_wool":3,"minecraft:golden_apple":1,"minecraft:oak_sapling":1,"minecraft:coal":59},"minecraft:broken":{"minecraft:stone_sword":1,"minecraft:stone_pickaxe":1,"minecraft:stone_axe":1,"minecraft:iron_sword":1},"minecraft:killed_by":{"spore:inf_drowned":1,"spore:inf_human":1,"alexsmobs:bison":2,"minecraft:skeleton":4,"minecraft:vex":2},"minecraft:crafted":{"minecraft:oak_planks":112,"minecraft:furnace":1,"minecraft:cooked_mutton":1,"minecraft:iron_boots":1,"minecraft:stone_pickaxe":1,"minecraft:dark_oak_planks":12,"minecraft:cooked_porkchop":7,"minecraft:crafting_table":4,"minecraft:wooden_pickaxe":1,"minecraft:iron_helmet":1,"minecraft:iron_sword":2,"minecraft:air":0,"minecraft:iron_chestplate":1,"minecraft:shield":1,"minecraft:stick":12,"minecraft:iron_ingot":36,"minecraft:iron_pickaxe":1,"minecraft:stone_sword":1,"minecraft:iron_leggings":1},"minecraft:mined":{"minecraft:dark_oak_planks":1,"minecraft:tuff":16,"minecraft:deepslate_diamond_ore":2,"minecraft:andesite_stairs":1,"born_in_chaos_v1:infected_diamond_ore":1,"minecraft:grass_block":3,"born_in_chaos_v1:black_argillite":1,"minecraft:mangrove_trapdoor":1,"minecraft:coal_block":3,"steam_powered:tin_ore":1,"minecraft:polished_blackstone_pressure_plate":2,"minecraft:spawner":3,"steam_powered:zinc_ore":1,"minecraft:furnace":3,"minecraft:iron_ore":49,"minecraft:cobbled_deepslate":5,"minecraft:andesite":7,"minecraft:dark_oak_stairs":1,"minecraft:bookshelf":12,"minecraft:deepslate_iron_ore":21,"minecraft:light_gray_concrete":2,"minecraft:stone":43,"create:limestone":1,"minecraft:spruce_slab":2,"minecraft:blast_furnace":2,"minecraft:tall_grass":1,"minecraft:cobblestone":7,"minecraft:slime_block":1,"minecraft:cyan_bed":4,"minecraft:diorite":5,"minecraft:gray_wool":3,"born_in_chaos_v1:fired_black_argillite":1,"born_in_chaos_v1:river_mint":6,"minecraft:grass":21,"faded_conquest_2:terrible_tensummon":1,"minecraft:coal_ore":11,"minecraft:oak_log":28,"minecraft:smooth_quartz":2,"minecraft:dirt":2,"minecraft:cracked_stone_bricks":2,"born_in_chaos_v1:infernal_evil_pumpkin_s":1,"minecraft:stone_bricks":1,"minecraft:mossy_stone_bricks":1,"minecraft:oak_leaves":8,"minecraft:deepslate":55},"minecraft:custom":{"minecraft:mob_kills":84,"minecraft:interact_with_crafting_table":26,"minecraft:open_barrel":41,"minecraft:eat_cake_slice":4,"minecraft:leave_game":1,"minecraft:time_since_death":27056,"minecraft:climb_one_cm":16589,"minecraft:damage_resisted":68,"minecraft:sprint_one_cm":292186,"minecraft:walk_one_cm":468591,"minecraft:damage_blocked_by_shield":1500,"minecraft:drop":40,"minecraft:talked_to_villager":1,"minecraft:play_time":141062,"minecraft:deaths":11,"minecraft:sneak_time":7707,"minecraft:walk_under_water_one_cm":16377,"minecraft:jump":2130,"minecraft:interact_with_blast_furnace":1,"minecraft:walk_on_water_one_cm":30894,"minecraft:total_world_time":141062,"minecraft:interact_with_furnace":24,"minecraft:sleep_in_bed":3,"minecraft:time_since_rest":18049,"minecraft:damage_taken":4782,"minecraft:damage_absorbed":16,"minecraft:damage_dealt":18967,"minecraft:fly_one_cm":348336,"minecraft:swim_one_cm":85965,"minecraft:open_chest":21,"minecraft:crouch_one_cm":19169,"tombstone:undead_killed":36,"minecraft:fall_one_cm":61209},"minecraft:used":{"minecraft:stone_sword":131,"minecraft:shield":23,"minecraft:iron_sword":289,"minecraft:dirt":6,"minecraft:carrot":3,"minecraft:tuff":16,"minecraft:dark_oak_planks":13,"minecraft:barrel":2,"minecraft:hay_block":1,"minecraft:furnace":3,"minecraft:oak_sapling":1,"tombstone:gift":4,"minecraft:cobbled_deepslate":15,"minecraft:cooked_mutton":1,"minecraft:dark_oak_stairs":1,"minecraft:stone_pickaxe":131,"minecraft:oak_planks":45,"minecraft:wooden_pickaxe":6,"minecraft:golden_apple":1,"minecraft:glow_berries":9,"minecraft:polished_blackstone_pressure_plate":2,"minecraft:sand":13,"minecraft:crafting_table":5,"useless_sword:wooden_cactus_sword":7,"minecraft:cake":1,"minecraft:flower_pot":1,"minecraft:apple":4,"minecraft:bread":19,"minecraft:cyan_bed":4,"minecraft:iron_pickaxe":115,"minecraft:stone_axe":31,"minecraft:cobblestone":36,"minecraft:potion":1,"minecraft:cooked_porkchop":4,"minecraft:andesite_stairs":1,"minecraft:bucket":1,"minecraft:pumpkin_pie":6,"minecraft:gray_wool":3}},"DataVersion":3465}