{"stats":{"minecraft:crafted":{"minecraft:coal":9,"minecraft:stone_pickaxe":1,"minecraft:wheat":441,"minecraft:emerald":9,"minecraft:diamond_axe":2,"minecraft:crafting_table":1,"minecraft:spruce_planks":24,"minecraft:wooden_pickaxe":1,"minecraft:enchanted_book":1,"minecraft:bread":128,"minecraft:diamond_pickaxe":1,"minecraft:stick":16,"minecraft:stone_sword":1,"minecraft:torch":160},"minecraft:custom":{"minecraft:mob_kills":65,"minecraft:interact_with_crafting_table":14,"minecraft:open_barrel":29,"minecraft:damage_dealt_resisted":1883,"minecraft:eat_cake_slice":3,"minecraft:leave_game":6,"minecraft:time_since_death":104265,"minecraft:climb_one_cm":12970,"minecraft:sprint_one_cm":396705,"minecraft:walk_one_cm":285802,"minecraft:damage_blocked_by_shield":265,"minecraft:drop":113,"minecraft:talked_to_villager":6,"minecraft:play_time":114727,"minecraft:deaths":3,"minecraft:sneak_time":5581,"minecraft:walk_under_water_one_cm":7915,"minecraft:jump":2039,"minecraft:walk_on_water_one_cm":13493,"minecraft:total_world_time":114727,"minecraft:interact_with_furnace":1,"minecraft:traded_with_villager":1,"minecraft:sleep_in_bed":9,"minecraft:time_since_rest":10750,"minecraft:damage_taken":2241,"minecraft:trigger_trapped_chest":1,"minecraft:damage_dealt":7702,"minecraft:swim_one_cm":19438,"minecraft:fly_one_cm":445035,"minecraft:open_chest":149,"minecraft:crouch_one_cm":7386,"tombstone:undead_killed":12,"minecraft:fall_one_cm":47526,"minecraft:inspect_dispenser":2,"minecraft:horse_one_cm":20379},"minecraft:dropped":{"minecraft:bread":64,"minecraft:iron_ingot":6,"minecraft:porkchop":1,"minecraft:wheat_seeds":2,"minecraft:diamond_axe":1,"minecraft:cracked_stone_bricks":1,"minecraft:saddle":1,"born_in_chaos_v1:pieceofdarkmetal":2,"minecraft:cobweb":44,"minecraft:torch":112,"minecraft:iron_leggings":1,"minecraft:lever":1,"spore:vent_plate":19,"alexsmobs:animal_dictionary":1,"tombstone:gift":1,"spore:mutated_fiber":3,"minecraft:chiseled_stone_bricks":1,"minecraft:potato":44,"minecraft:stone_brick_wall":1,"minecraft:stone_bricks":4,"minecraft:spruce_log":93,"minecraft:wooden_pickaxe":1,"minecraft:light_blue_terracotta":1,"minecraft:stone_pickaxe":1},"minecraft:killed_by":{"spore:inf_hazmat":2},"minecraft:mined":{"minecraft:obsidian":14,"minecraft:granite":2,"minecraft:stone_brick_wall":1,"minecraft:redstone_wire":4,"minecraft:coal_block":4,"minecraft:spruce_leaves":9,"minecraft:spawner":15,"minecraft:chiseled_stone_bricks":1,"minecraft:hay_block":50,"minecraft:fire":14,"spore:cdu":2,"treechop:chopped_log":14,"minecraft:mossy_stone_brick_stairs":2,"minecraft:bookshelf":6,"minecraft:iron_bars":7,"minecraft:packed_ice":1,"minecraft:stone":28,"spore:vent_plate":5,"minecraft:redstone_block":1,"minecraft:crafting_table":1,"minecraft:chest":2,"minecraft:light_blue_terracotta":1,"minecraft:sweet_berry_bush":1,"minecraft:ice":5,"minecraft:black_bed":1,"minecraft:grass":8,"minecraft:coal_ore":33,"minecraft:sand":35,"minecraft:smooth_quartz":1,"spore:rusted_vent_plate":1,"minecraft:cracked_stone_bricks":1,"minecraft:tripwire_hook":2,"minecraft:stone_bricks":4,"spore:frozen_reinforced_door":2,"minecraft:netherrack":13,"minecraft:oak_leaves":3,"minecraft:emerald_block":1},"minecraft:used":{"spore:cdu":2,"minecraft:iron_bars":3,"minecraft:stone_sword":28,"minecraft:spruce_planks":2,"minecraft:shield":14,"minecraft:iron_sword":151,"minecraft:netherrack":5,"minecraft:torch":98,"spore:vent_door":1,"minecraft:granite":2,"minecraft:obsidian":14,"minecraft:packed_ice":62,"minecraft:iron_boots":1,"minecraft:stone_bricks":22,"minecraft:bow":61,"minecraft:sweet_berries":3,"minecraft:furnace":3,"minecraft:egg":1,"minecraft:cooked_beef":2,"spore:rusted_vent_plate":3,"minecraft:water_bucket":7,"minecraft:stone_pickaxe":38,"minecraft:wooden_pickaxe":14,"minecraft:diamond_axe":88,"minecraft:sand":3,"minecraft:crafting_table":1,"minecraft:black_bed":1,"theinkarena:ink_bucket":2,"minecraft:redstone_torch":1,"minecraft:diamond_pickaxe":91,"minecraft:apple":3,"minecraft:bread":29,"minecraft:string":1,"tombstone:magic_scroll":1,"minecraft:spruce_sapling":2,"minecraft:coal_block":3,"minecraft:cobblestone":23,"minecraft:porkchop":7,"minecraft:bucket":9,"minecraft:ice":18},"minecraft:picked_up":{"useless_sword:prismarine_sword":1,"minecraft:crafting_table":1,"spore:mutated_heart":1,"minecraft:redstone_block":1,"minecraft:packed_ice":18,"minecraft:stone_brick_wall":1,"minecraft:gold_block":1,"minecraft:potion":1,"minecraft:string":9,"minecraft:cracked_stone_bricks":1,"theinkarena:ink_waste":1,"minecraft:redstone_torch":1,"minecraft:coal_block":4,"minecraft:chest":2,"spore:frozen_reinforced_door":2,"minecraft:iron_boots":1,"minecraft:egg":1,"minecraft:stick":25,"born_in_chaos_v1:shattered_skull":1,"orcz:orcskull":2,"minecraft:torch":5,"minecraft:snow_block":5,"minecraft:porkchop":8,"born_in_chaos_v1:pieceofdarkmetal":2,"minecraft:redstone":4,"minecraft:arrow":57,"minecraft:rotten_flesh":3,"orcz:orcshroom":5,"minecraft:hay_block":49,"tombstone:essence_of_undeath":1,"minecraft:obsidian":14,"minecraft:glow_berries":3,"minecraft:mutton":1,"minecraft:iron_bars":6,"minecraft:snowball":1,"minecraft:white_wool":1,"minecraft:cobblestone":28,"spore:cdu":2,"born_in_chaos_v1:corpse_maggot":1,"minecraft:feather":1,"orcz:orcteeth":27,"born_in_chaos_v1:monster_flesh":1,"minecraft:tripwire_hook":2,"minecraft:black_bed":1,"minecraft:ice":6,"minecraft:bone":9,"minecraft:stone_bricks":4,"minecraft:bow":1,"minecraft:wheat_seeds":2,"minecraft:stone_pickaxe":1,"tombstone:bag_of_seeds":1,"spore:mutated_fiber":5,"minecraft:mossy_stone_brick_stairs":2,"minecraft:book":18,"spore:vent_door":1,"minecraft:emerald_block":1,"minecraft:sweet_berries":3,"minecraft:chiseled_stone_bricks":1,"orcz:orcagaric":5,"minecraft:sand":35,"minecraft:spruce_sapling":29,"minecraft:spruce_log":99,"spore:rusted_vent_plate":3,"minecraft:spider_eye":2,"spore:vent_plate":19,"minecraft:light_blue_terracotta":1,"minecraft:diamond":7,"minecraft:lever":1,"minecraft:blue_ice":61,"knightquest:small_essence":9,"minecraft:granite":2,"minecraft:netherrack":12,"minecraft:coal":32},"minecraft:killed":{"minecraft:cave_spider":6,"spore:inf_hazmat":2,"minecraft:spider":5,"born_in_chaos_v1:skeleton_thrasher_not_despawn":1,"born_in_chaos_v1:maggot":3,"minecraft:skeleton":5,"theinkarena:ink_titan":1,"alexsmobs:blue_jay":1,"alexsmobs:banana_slug":1,"theinkarena:ink_brute":3,"orcz:orcsavagemace":2,"alexsmobs:tusklin":1,"spore:inf_player":1,"theinkarena:soul_specter":3,"minecraft:sheep":1,"spore:inf_human":1,"minecraft:zombie":5,"knightquest:lizzy":1,"orcz:bigorcboss":1,"theinkarena:titan_splotch":3,"minecraft:wither_skeleton":1,"orcz:orcsavage_2sword":2,"orcz:snot":13,"orcz:orcshield":2}},"DataVersion":3465}