{"stats":{"minecraft:killed":{"minecraft:cave_spider":9,"orcz:goblinshield":2,"born_in_chaos_v1:door_knight_not_despawn":1,"minecraft:spider":9,"faded_conquest_2:toxicrow":13,"born_in_chaos_v1:baby_skeleton_minion":2,"minecraft:skeleton":26,"alexsmobs:leafcutter_ant":5,"orcz:squig":7,"born_in_chaos_v1:supreme_bonescaller_stage_2":1,"faded_conquest_2:mimic":4,"born_in_chaos_v1:firelight_not_despawn":3,"orcz:weirdboinecro":1,"spore:inf_player":4,"orcz:goblinsavagemace":6,"spore:inf_evoker":12,"minecraft:iron_golem":1,"minecraft:creeper":6,"minecraft:sheep":6,"spore:inf_villager":3,"call_of_yucutan:undead_warrior":1,"minecraft:pillager":3,"alexsmobs:flutter":2,"minecraft:zombie":15,"spore:inf_human":3,"minecraft:stray":8,"orcz:bigorcboss":10,"orcz:orcsavage_2sword":8,"orcz:snot":28,"orcz:orcshield":8,"minecraft:cow":1,"minecraft:allay":1,"alexsmobs:raccoon":2,"farlanders:ender_guardian":1,"born_in_chaos_v1:skeleton_thrasher_not_despawn":1,"born_in_chaos_v1:thornshell_crab":1,"spore:inf_vindicator":15,"born_in_chaos_v1:maggot":2,"minecraft:phantom":1,"born_in_chaos_v1:corpse_fish":1,"orcz:orcsavagemace":9,"orcz:orcsavageweird":2,"minecraft:husk":12,"faded_conquest_2:the_plauge_bringer":1,"spore:stalker":1,"undead_revamp2:the_moonflower":1,"minecraft:bat":1,"minecraft:frog":3,"farlanders:ender_golem":1,"born_in_chaos_v1:decrepit_skeleton":4,"spore:inf_pillager":6,"alexsmobs:gazelle":1,"born_in_chaos_v1:bonescaller_not_despawn":2,"spore:inf_witch":1,"spore:claw":9,"orcz:goblin_2sword":1,"minecraft:wither_skeleton":2,"minecraft:villager":3,"born_in_chaos_v1:decaying_zombie_not_despawn":2},"minecraft:killed_by":{"born_in_chaos_v1:decaying_zombie_not_despawn":1,"orcz:orcsavagemace":1,"spore:inf_evoker":1,"spore:inf_player":1,"spore:inf_vindicator":7},"minecraft:broken":{"minecraft:diamond_helmet":1,"minecraft:iron_boots":2,"minecraft:iron_leggings":1,"minecraft:chainmail_helmet":1,"minecraft:leather_boots":1,"minecraft:iron_pickaxe":1},"minecraft:custom":{"minecraft:open_barrel":80,"minecraft:interact_with_crafting_table":24,"minecraft:eat_cake_slice":3,"minecraft:leave_game":12,"minecraft:time_since_death":285766,"minecraft:damage_resisted":18,"minecraft:sprint_one_cm":1444391,"minecraft:damage_blocked_by_shield":685,"minecraft:drop":241,"minecraft:play_noteblock":1,"minecraft:talked_to_villager":12,"minecraft:play_time":500325,"minecraft:deaths":12,"minecraft:interact_with_brewingstand":1,"minecraft:jump":6639,"minecraft:walk_on_water_one_cm":35604,"minecraft:interact_with_furnace":8,"minecraft:sleep_in_bed":32,"minecraft:damage_dealt":65191,"minecraft:crouch_one_cm":53179,"tombstone:undead_killed":80,"tombstone:villager_killed":3,"minecraft:interact_with_smoker":1,"minecraft:inspect_dispenser":1,"minecraft:horse_one_cm":3238,"minecraft:interact_with_smithing_table":8,"minecraft:mob_kills":311,"minecraft:damage_dealt_resisted":6517,"minecraft:climb_one_cm":13533,"minecraft:walk_one_cm":1852442,"minecraft:damage_dealt_absorbed":880,"minecraft:sneak_time":16743,"minecraft:walk_under_water_one_cm":20749,"minecraft:interact_with_lectern":1,"minecraft:interact_with_blast_furnace":2,"minecraft:total_world_time":500325,"tombstone:raider_killed":4,"minecraft:time_since_rest":1691,"minecraft:damage_taken":9957,"minecraft:damage_absorbed":240,"minecraft:swim_one_cm":118922,"minecraft:fly_one_cm":1485849,"minecraft:open_chest":347,"minecraft:fall_one_cm":165692},"minecraft:crafted":{"minecraft:oak_planks":140,"travelersbackpack:diamond":2,"minecraft:iron_boots":2,"minecraft:crafting_table":3,"minecraft:spruce_planks":4,"minecraft:wooden_pickaxe":1,"minecraft:iron_chestplate":1,"minecraft:stick":56,"minecraft:iron_ingot":9,"minecraft:iron_pickaxe":1,"minecraft:gold_ingot":2,"minecraft:shears":1,"minecraft:cherry_planks":200,"minecraft:furnace":2,"minecraft:diamond":27,"minecraft:stone_pickaxe":1,"minecraft:wheat":342,"minecraft:red_bed":1,"minecraft:bread":114,"minecraft:wooden_axe":1,"minecraft:iron_leggings":1,"minecraft:white_bed":1,"minecraft:torch":120},"minecraft:mined":{"minecraft:dark_oak_planks":22,"minecraft:white_bed":1,"minecraft:cherry_log":54,"minecraft:red_nether_bricks":1,"minecraft:brewing_stand":1,"orcz:palisadedarkoak":4,"minecraft:spruce_trapdoor":13,"faded_conquest_2:toxic_lantern":1,"minecraft:grass_block":8,"minecraft:oak_pressure_plate":1,"minecraft:coal_block":7,"minecraft:spawner":36,"minecraft:tall_seagrass":2,"minecraft:dark_oak_trapdoor":139,"minecraft:iron_ore":11,"minecraft:barrel":12,"minecraft:fire":2,"minecraft:pumpkin":1,"minecraft:nether_brick_stairs":3,"minecraft:dark_oak_stairs":83,"minecraft:oak_sign":1,"minecraft:iron_bars":32,"minecraft:oak_stairs":3,"minecraft:deepslate_brick_stairs":8,"minecraft:stripped_mangrove_wood":6,"minecraft:iron_block":1,"minecraft:spruce_slab":2,"minecraft:green_bed":1,"minecraft:waxed_cut_copper_stairs":1,"minecraft:red_bed":1,"minecraft:powder_snow":12,"minecraft:note_block":1,"faded_conquest_2:skull_pile":1,"minecraft:torch":3,"beautify:hanging_pot":1,"minecraft:blast_furnace":4,"minecraft:calcite":281,"minecraft:melon":1,"minecraft:chest":3,"minecraft:cobblestone":17,"minecraft:oak_planks":10,"minecraft:sugar_cane":6,"minecraft:cyan_bed":2,"minecraft:wall_torch":2,"minecraft:skeleton_skull":3,"minecraft:chain":1,"call_of_yucutan:red_limestone_tile_slab":1,"minecraft:cyan_wool":6,"minecraft:light_gray_candle":1,"call_of_yucutan:red_limestone":2,"minecraft:waxed_oxidized_cut_copper_stairs":6,"minecraft:birch_trapdoor":7,"minecraft:birch_door":12,"minecraft:grass":14,"minecraft:oak_log":35,"minecraft:sand":4,"minecraft:dirt":7,"minecraft:polished_deepslate_wall":3,"minecraft:oak_leaves":4,"minecraft:cyan_candle":15,"minecraft:deepslate":6,"minecraft:dark_prismarine":3,"call_of_yucutan:reflector":1,"minecraft:mossy_cobblestone":2,"minecraft:dark_oak_leaves":5,"minecraft:dark_oak_fence":3,"minecraft:spruce_fence":4,"minecraft:brick_stairs":1,"alexsmobs:leafcutter_ant_chamber":1,"minecraft:mangrove_trapdoor":1,"minecraft:hay_block":71,"minecraft:waxed_oxidized_cut_copper":24,"minecraft:furnace":3,"minecraft:stripped_spruce_log":1,"minecraft:polished_deepslate":15,"minecraft:bookshelf":63,"minecraft:vine":10,"minecraft:stone":114,"minecraft:light_gray_carpet":41,"minecraft:mangrove_stairs":2,"minecraft:glass_pane":2,"minecraft:red_wool":61,"minecraft:brown_carpet":31,"minecraft:spruce_door":1,"minecraft:oak_fence":7,"minecraft:crafting_table":3,"born_in_chaos_v1:black_argillite_brick_n":1,"faded_conquest_2:ominous_skull":1,"minecraft:lectern":2,"minecraft:tall_grass":2,"minecraft:copper_ore":41,"minecraft:diorite":42,"minecraft:spruce_stairs":25,"minecraft:lime_bed":2,"minecraft:stripped_spruce_wood":1,"minecraft:birch_leaves":2,"minecraft:yellow_bed":4,"minecraft:mangrove_slab":1,"minecraft:coal_ore":55,"minecraft:dark_oak_sign":1,"minecraft:cherry_leaves":2,"minecraft:cyan_carpet":56,"minecraft:flower_pot":1,"minecraft:gray_carpet":37,"minecraft:cobweb":6,"minecraft:cracked_stone_bricks":4,"minecraft:stone_bricks":6,"minecraft:mossy_stone_bricks":1},"minecraft:dropped":{"minecraft:nether_brick_stairs":3,"spore:spine_fragment":6,"minecraft:oak_pressure_plate":1,"minecraft:cooked_beef":1,"minecraft:glass_bottle":1,"orcz:orcskull":4,"minecraft:dark_oak_sapling":1,"minecraft:red_wool":63,"born_in_chaos_v1:pieceofdarkmetal":30,"call_of_yucutan:red_limestone_tile_slab":1,"orcz:orceye":6,"minecraft:red_bed":1,"minecraft:dark_oak_log":1,"minecraft:dark_oak_fence":3,"orcz:bone_1":1,"minecraft:mangrove_stairs":2,"minecraft:sand":6,"minecraft:white_wool":2,"minecraft:bone":43,"born_in_chaos_v1:fire_dust":1,"alexsmobs:animal_dictionary":1,"minecraft:oak_planks":135,"minecraft:rotten_flesh":21,"call_of_yucutan:mystic_vine":1,"orcz:orcshroom":3,"minecraft:carrot":17,"minecraft:chainmail_chestplate":2,"bosses_of_mass_destruction:soul_star":1,"minecraft:tipped_arrow":1,"minecraft:brick_stairs":1,"minecraft:charcoal":2,"born_in_chaos_v1:corpse_maggot":1,"minecraft:chest":1,"faded_conquest_2:keyof_pestilence":1,"minecraft:leather_leggings":2,"minecraft:iron_bars":7,"minecraft:arrow":7,"spore:armor_fragment":31,"minecraft:bread":20,"minecraft:enchanted_book":1,"born_in_chaos_v1:shattered_skull":1,"minecraft:golden_helmet":1,"minecraft:mangrove_trapdoor":2,"minecraft:mossy_cobblestone":4,"minecraft:smooth_quartz_stairs":1,"orcz:palisadedarkoak":4,"minecraft:oak_fence":1,"born_in_chaos_v1:orbofthe_summoner":1,"orcz:orcagaric":4,"minecraft:spruce_stairs":1,"minecraft:golden_apple":10,"minecraft:mushroom_stew":2,"minecraft:polished_andesite":1,"minecraft:stick":10,"minecraft:diorite":2,"minecraft:brewing_stand":1,"minecraft:leather_horse_armor":1,"minecraft:wooden_axe":1,"tombstone:grave_dust":2,"minecraft:potion":2,"minecraft:oak_stairs":3,"minecraft:iron_axe":1,"spore:mutated_heart":5,"born_in_chaos_v1:staffof_magic_arrows":1,"minecraft:chainmail_leggings":1,"minecraft:tripwire_hook":1,"spore:claw_fragment":74,"minecraft:gray_carpet":1,"minecraft:dark_oak_sign":35,"minecraft:stone_shovel":1,"minecraft:chicken":1,"spore:cerebrum":2,"spore:mutated_fiber":61,"orcz:ironscrap":1,"minecraft:filled_map":1,"minecraft:diamond_sword":2,"orcz:orcteeth":152,"minecraft:bundle":1,"minecraft:iron_chestplate":3,"born_in_chaos_v1:spiny_shell":3,"orcz:squigs_claws":3,"minecraft:oak_sapling":2,"minecraft:stone_bricks":20,"minecraft:barrel":1,"minecraft:spider_eye":1,"knightquest:small_essence":34,"minecraft:wooden_pickaxe":1,"minecraft:calcite":3,"orcz:orchorn":2},"minecraft:used":{"minecraft:polished_deepslate":3,"minecraft:chest":1,"minecraft:shield":27,"travelersbackpack:diamond":29,"minecraft:nether_bricks":1,"minecraft:mangrove_stairs":1,"orcz:orcagaric":2,"minecraft:mangrove_slab":1,"minecraft:furnace":2,"minecraft:skeleton_skull":2,"minecraft:dark_oak_stairs":15,"minecraft:mossy_stone_bricks":24,"minecraft:stone_pickaxe":17,"minecraft:dark_oak_sign":1,"minecraft:gray_carpet":9,"minecraft:oak_planks":59,"minecraft:wooden_pickaxe":4,"beautify:hanging_pot":2,"minecraft:golden_apple":6,"minecraft:glow_berries":8,"minecraft:cookie":7,"minecraft:stripped_mangrove_wood":3,"minecraft:dark_oak_trapdoor":16,"minecraft:sand":3,"orcz:bone_1":1,"minecraft:shears":25,"minecraft:bread":144,"minecraft:light_gray_candle":2,"minecraft:cyan_carpet":11,"orcz:big_bone_1":1,"minecraft:diamond_sword":718,"useless_sword:ravager_sword":263,"minecraft:experience_bottle":7,"faded_conquest_2:skull_pile":1,"minecraft:iron_bars":6,"minecraft:torch":230,"minecraft:dirt":13,"minecraft:spruce_stairs":4,"minecraft:wooden_axe":11,"minecraft:dark_oak_planks":16,"minecraft:iron_axe":543,"minecraft:barrel":9,"tombstone:gift":9,"minecraft:cooked_beef":10,"minecraft:cobbled_deepslate":6,"minecraft:calcite":15,"minecraft:cyan_candle":5,"minecraft:red_nether_bricks":2,"minecraft:waxed_oxidized_cut_copper":2,"minecraft:green_bed":2,"minecraft:cracked_stone_bricks":2,"minecraft:mossy_cobblestone":3,"minecraft:lime_bed":2,"minecraft:crafting_table":6,"minecraft:red_bed":2,"minecraft:white_bed":1,"minecraft:dark_prismarine":5,"minecraft:apple":4,"minecraft:diamond_pickaxe":506,"minecraft:iron_pickaxe":250,"minecraft:spruce_trapdoor":2,"minecraft:potion":1,"minecraft:cobblestone":98,"travelersbackpack:standard":12,"minecraft:yellow_bed":4,"minecraft:splash_potion":2},"minecraft:picked_up":{"minecraft:iron_chestplate":2,"spore:mutated_heart":5,"minecraft:birch_door":15,"minecraft:chainmail_boots":1,"minecraft:flower_pot":1,"minecraft:diamond_sword":4,"minecraft:oak_stairs":3,"minecraft:potion":5,"minecraft:brewing_stand":1,"minecraft:polished_deepslate_wall":7,"minecraft:polished_deepslate":28,"alexsmobs:gazelle_horn":1,"minecraft:string":13,"minecraft:dark_oak_trapdoor":162,"minecraft:soul_soil":1,"minecraft:raw_copper":173,"minecraft:red_nether_bricks":2,"minecraft:armor_stand":1,"minecraft:oak_sign":1,"minecraft:beetroot":15,"minecraft:cobbled_deepslate":6,"bosses_of_mass_destruction:soul_star":1,"call_of_yucutan:red_limestone_tile_slab":1,"minecraft:calcite":385,"alexsmobs:raccoon_tail":1,"minecraft:melon_slice":4,"minecraft:coal_block":7,"minecraft:smooth_quartz_stairs":1,"minecraft:furnace":3,"minecraft:golden_helmet":1,"minecraft:tipped_arrow":4,"minecraft:stick":12,"orcz:orcskull":8,"born_in_chaos_v1:shattered_skull":1,"minecraft:birch_trapdoor":10,"minecraft:oak_fence":6,"minecraft:torch":13,"minecraft:green_bed":1,"minecraft:spruce_stairs":31,"travelersbackpack:diamond_tier_upgrade":1,"minecraft:cherry_log":50,"orcz:squigs_claws":6,"tombstone:grave_dust":3,"minecraft:diorite":67,"travelersbackpack:crafting_upgrade":1,"orcz:palisadedarkoak":4,"minecraft:brown_carpet":25,"minecraft:mangrove_stairs":4,"minecraft:rotten_flesh":41,"call_of_yucutan:mystic_vine":1,"orcz:orcshroom":5,"faded_conquest_2:skull_pile":1,"minecraft:iron_block":1,"minecraft:deepslate_brick_stairs":7,"minecraft:iron_bars":30,"minecraft:cobblestone":124,"minecraft:pink_petals":8,"born_in_chaos_v1:staffof_magic_arrows":1,"minecraft:leather_chestplate":2,"minecraft:feather":1,"minecraft:cooked_beef":1,"orcz:orcteeth":327,"born_in_chaos_v1:spiritual_dust":3,"minecraft:potato":1,"minecraft:stripped_spruce_wood":1,"minecraft:mangrove_slab":2,"minecraft:dirt":13,"faded_conquest_2:keyof_pestilence":2,"minecraft:purple_carpet":1,"minecraft:leather_boots":1,"minecraft:bone":65,"minecraft:bow":1,"minecraft:wheat_seeds":2,"minecraft:dark_oak_sign":47,"minecraft:mossy_stone_bricks":1,"minecraft:diamond_helmet":1,"minecraft:cyan_candle":43,"minecraft:oak_planks":5,"beautify:hanging_pot":1,"spore:cerebrum":2,"spore:armor_fragment":31,"minecraft:oak_pressure_plate":1,"orcz:orcagaric":9,"orcz:blue_orcshroom":6,"minecraft:sand":12,"minecraft:stripped_spruce_log":1,"minecraft:nether_brick_stairs":3,"minecraft:cyan_bed":3,"minecraft:diamond_block":3,"minecraft:dark_oak_log":1,"minecraft:barrel":14,"minecraft:mossy_cobblestone":7,"minecraft:dark_prismarine":5,"spore:claw_fragment":74,"minecraft:bundle":1,"minecraft:polished_andesite":1,"born_in_chaos_v1:fire_dust":4,"minecraft:diamond":65,"minecraft:soul_lantern":1,"knightquest:small_essence":49,"minecraft:golden_apple":12,"minecraft:spruce_sign":10,"minecraft:golden_horse_armor":1,"minecraft:bread":17,"orcz:ironscrap":5,"spore:spine_fragment":6,"minecraft:dark_oak_fence":4,"minecraft:oak_sapling":7,"minecraft:light_gray_carpet":40,"minecraft:diamond_pickaxe":1,"minecraft:crafting_table":3,"minecraft:charcoal":2,"minecraft:waxed_oxidized_cut_copper":22,"minecraft:chicken":1,"minecraft:ladder":2,"born_in_chaos_v1:seedof_chaos":5,"minecraft:turtle_helmet":1,"minecraft:leather_leggings":3,"minecraft:gold_block":5,"minecraft:chain":1,"minecraft:cornflower":1,"minecraft:red_bed":2,"minecraft:iron_axe":1,"farlanders:ender_horn":2,"faded_conquest_2:key_of_death":1,"minecraft:item_frame":1,"minecraft:cyan_carpet":70,"minecraft:cracked_stone_bricks":4,"minecraft:beef":3,"minecraft:cyan_wool":6,"minecraft:spruce_slab":2,"minecraft:lectern":2,"minecraft:sugar_cane":16,"minecraft:chest":5,"minecraft:spruce_trapdoor":14,"minecraft:phantom_membrane":1,"minecraft:egg":3,"minecraft:dark_oak_sapling":1,"minecraft:raw_iron":11,"minecraft:stripped_mangrove_wood":3,"minecraft:copper_ingot":25,"minecraft:note_block":1,"minecraft:spruce_fence":4,"minecraft:cake":3,"orcz:orchorn":13,"minecraft:mangrove_sign":2,"born_in_chaos_v1:pieceofdarkmetal":8,"minecraft:carrot":31,"minecraft:mangrove_trapdoor":2,"minecraft:stone_pressure_plate":4,"minecraft:dark_oak_planks":22,"minecraft:arrow":43,"minecraft:stone_shovel":1,"minecraft:pumpkin_pie":4,"minecraft:nether_bricks":1,"minecraft:waxed_oxidized_cut_copper_stairs":6,"minecraft:hay_block":71,"minecraft:stripped_dark_oak_wood":4,"born_in_chaos_v1:spiny_shell":3,"minecraft:gold_ingot":7,"minecraft:glistering_melon_slice":9,"minecraft:brick_stairs":1,"minecraft:mutton":10,"minecraft:skeleton_skull":2,"minecraft:white_wool":6,"born_in_chaos_v1:corpse_maggot":1,"minecraft:lime_bed":2,"minecraft:tripwire_hook":4,"minecraft:leather":5,"minecraft:mushroom_stew":7,"minecraft:oak_log":35,"minecraft:chainmail_chestplate":2,"minecraft:cobbled_deepslate_stairs":4,"minecraft:yellow_bed":5,"minecraft:gunpowder":13,"minecraft:red_carpet":8,"minecraft:apple":40,"minecraft:gray_carpet":32,"minecraft:stone_bricks":6,"minecraft:iron_ingot":8,"spore:mutated_fiber":61,"minecraft:dark_oak_stairs":117,"minecraft:book":180,"orcz:bone_1":1,"minecraft:pumpkin":1,"born_in_chaos_v1:orbofthe_summoner":1,"minecraft:red_wool":66,"alexsmobs:sombrero":1,"minecraft:blast_furnace":6,"minecraft:white_bed":1,"minecraft:spruce_door":4,"minecraft:spider_eye":1,"travelersbackpack:standard":1,"minecraft:light_gray_candle":6,"minecraft:chainmail_leggings":1,"minecraft:painting":1,"minecraft:cherry_sapling":1,"tombstone:magic_scroll":2,"orcz:orceye":7,"minecraft:coal":152}},"DataVersion":3465}