{"stats":{"minecraft:killed":{"minecraft:cave_spider":6,"minecraft:spider":6,"faded_conquest_2:toxicrow":13,"born_in_chaos_v1:skeleton_thrasher_not_despawn":1,"spore:inf_vindicator":10,"born_in_chaos_v1:baby_skeleton_minion":2,"born_in_chaos_v1:maggot":2,"minecraft:skeleton":5,"orcz:squig":4,"orcz:orcsavagemace":3,"orcz:orcsavageweird":1,"born_in_chaos_v1:supreme_bonescaller_stage_2":1,"faded_conquest_2:mimic":4,"minecraft:husk":3,"faded_conquest_2:the_plauge_bringer":1,"spore:inf_player":4,"spore:stalker":1,"orcz:goblinsavagemace":2,"spore:inf_evoker":6,"undead_revamp2:the_moonflower":1,"minecraft:iron_golem":1,"minecraft:frog":3,"born_in_chaos_v1:decrepit_skeleton":2,"minecraft:sheep":6,"spore:inf_villager":3,"minecraft:zombie":3,"spore:inf_human":2,"born_in_chaos_v1:bonescaller_not_despawn":2,"minecraft:stray":1,"orcz:bigorcboss":2,"spore:inf_witch":1,"spore:claw":2,"orcz:orcsavage_2sword":2,"orcz:snot":14,"minecraft:villager":3,"orcz:orcshield":5,"minecraft:cow":1},"minecraft:killed_by":{"born_in_chaos_v1:decaying_zombie_not_despawn":1,"orcz:orcsavagemace":1,"spore:inf_vindicator":6,"spore:inf_player":1},"minecraft:picked_up":{"spore:mutated_heart":2,"minecraft:crafting_table":3,"born_in_chaos_v1:seedof_chaos":5,"minecraft:diamond_sword":2,"minecraft:gold_block":1,"minecraft:chain":1,"minecraft:brewing_stand":1,"minecraft:string":10,"minecraft:raw_copper":173,"minecraft:iron_axe":1,"faded_conquest_2:key_of_death":1,"minecraft:oak_sign":1,"minecraft:cracked_stone_bricks":1,"minecraft:beef":3,"minecraft:cyan_wool":6,"minecraft:calcite":3,"minecraft:coal_block":7,"minecraft:sugar_cane":16,"minecraft:spruce_trapdoor":1,"minecraft:furnace":3,"minecraft:dark_oak_sapling":1,"minecraft:tipped_arrow":1,"minecraft:stick":7,"minecraft:raw_iron":11,"minecraft:copper_ingot":25,"minecraft:oak_fence":5,"minecraft:spruce_stairs":1,"travelersbackpack:diamond_tier_upgrade":1,"orcz:orchorn":4,"orcz:squigs_claws":3,"tombstone:grave_dust":1,"minecraft:diorite":2,"travelersbackpack:crafting_upgrade":1,"born_in_chaos_v1:pieceofdarkmetal":4,"minecraft:carrot":17,"orcz:palisadedarkoak":1,"minecraft:mangrove_trapdoor":2,"minecraft:dark_oak_planks":12,"minecraft:stone_shovel":1,"minecraft:arrow":10,"minecraft:rotten_flesh":12,"faded_conquest_2:skull_pile":1,"orcz:orcshroom":1,"minecraft:hay_block":38,"minecraft:iron_block":1,"minecraft:brick_stairs":1,"minecraft:skeleton_skull":2,"minecraft:mutton":9,"minecraft:iron_bars":5,"minecraft:white_wool":6,"minecraft:cobblestone":112,"born_in_chaos_v1:staffof_magic_arrows":1,"born_in_chaos_v1:corpse_maggot":1,"orcz:orcteeth":138,"minecraft:tripwire_hook":1,"born_in_chaos_v1:spiritual_dust":3,"minecraft:leather":5,"minecraft:mushroom_stew":1,"minecraft:stripped_spruce_wood":1,"minecraft:oak_log":9,"minecraft:chainmail_chestplate":1,"minecraft:yellow_bed":1,"minecraft:dirt":12,"faded_conquest_2:keyof_pestilence":2,"minecraft:bone":15,"minecraft:apple":13,"minecraft:iron_ingot":3,"minecraft:dark_oak_sign":33,"spore:mutated_fiber":36,"minecraft:oak_planks":4,"minecraft:book":126,"spore:cerebrum":1,"orcz:bone_1":1,"spore:armor_fragment":14,"minecraft:red_wool":3,"born_in_chaos_v1:orbofthe_summoner":1,"orcz:orcagaric":5,"minecraft:sand":3,"orcz:blue_orcshroom":5,"minecraft:white_bed":1,"minecraft:dark_oak_log":1,"minecraft:diamond_block":1,"minecraft:barrel":1,"minecraft:dark_prismarine":2,"spore:claw_fragment":37,"travelersbackpack:standard":1,"minecraft:polished_andesite":1,"minecraft:diamond":35,"knightquest:small_essence":12,"minecraft:golden_horse_armor":1,"spore:spine_fragment":2,"orcz:ironscrap":2,"tombstone:magic_scroll":1,"minecraft:oak_sapling":2,"orcz:orceye":4,"minecraft:dark_oak_fence":3,"minecraft:coal":150,"minecraft:diamond_pickaxe":1},"minecraft:dropped":{"minecraft:mangrove_trapdoor":2,"minecraft:glass_bottle":1,"orcz:palisadedarkoak":1,"born_in_chaos_v1:orbofthe_summoner":1,"orcz:orcagaric":3,"born_in_chaos_v1:pieceofdarkmetal":28,"minecraft:spruce_stairs":1,"minecraft:mushroom_stew":1,"minecraft:polished_andesite":1,"minecraft:stick":10,"orcz:orceye":4,"minecraft:dark_oak_log":1,"minecraft:diorite":2,"minecraft:leather_horse_armor":1,"minecraft:dark_oak_fence":2,"orcz:bone_1":1,"minecraft:wooden_axe":1,"minecraft:potion":2,"minecraft:sand":2,"minecraft:iron_axe":1,"born_in_chaos_v1:staffof_magic_arrows":1,"minecraft:tripwire_hook":1,"minecraft:white_wool":2,"spore:claw_fragment":3,"minecraft:bone":9,"alexsmobs:animal_dictionary":1,"minecraft:dark_oak_sign":33,"minecraft:stone_shovel":1,"minecraft:rotten_flesh":9,"minecraft:oak_planks":46,"spore:mutated_fiber":7,"orcz:orcshroom":1,"minecraft:carrot":17,"minecraft:chainmail_chestplate":2,"minecraft:filled_map":1,"minecraft:diamond_sword":1,"minecraft:brick_stairs":1,"orcz:orcteeth":138,"faded_conquest_2:keyof_pestilence":1,"orcz:squigs_claws":2,"born_in_chaos_v1:corpse_maggot":1,"minecraft:barrel":1,"minecraft:leather_leggings":1,"knightquest:small_essence":6,"minecraft:iron_bars":5,"minecraft:arrow":6,"minecraft:wooden_pickaxe":1,"minecraft:calcite":3,"orcz:orchorn":2},"minecraft:broken":{"minecraft:iron_pickaxe":1},"minecraft:used":{"faded_conquest_2:skull_pile":1,"travelersbackpack:diamond":19,"minecraft:torch":13,"minecraft:dirt":12,"minecraft:dark_oak_planks":7,"minecraft:wooden_axe":11,"minecraft:iron_axe":82,"minecraft:furnace":2,"tombstone:gift":3,"minecraft:skeleton_skull":2,"minecraft:stone_pickaxe":17,"minecraft:oak_planks":43,"minecraft:wooden_pickaxe":4,"minecraft:green_bed":1,"minecraft:cracked_stone_bricks":1,"minecraft:glow_berries":8,"orcz:bone_1":1,"minecraft:crafting_table":6,"minecraft:red_bed":1,"minecraft:white_bed":1,"minecraft:dark_prismarine":2,"minecraft:diamond_pickaxe":24,"minecraft:bread":72,"minecraft:iron_pickaxe":250,"minecraft:spruce_trapdoor":1,"orcz:big_bone_1":1,"minecraft:diamond_sword":457,"minecraft:potion":1,"minecraft:cobblestone":86,"travelersbackpack:standard":12,"minecraft:yellow_bed":1,"minecraft:splash_potion":2,"minecraft:experience_bottle":7},"minecraft:mined":{"minecraft:dark_oak_planks":15,"minecraft:dark_prismarine":2,"minecraft:white_bed":1,"minecraft:dark_oak_leaves":5,"minecraft:brewing_stand":1,"orcz:palisadedarkoak":1,"faded_conquest_2:toxic_lantern":1,"minecraft:spruce_trapdoor":1,"minecraft:dark_oak_fence":2,"minecraft:grass_block":7,"minecraft:brick_stairs":1,"minecraft:coal_block":7,"minecraft:spawner":10,"minecraft:hay_block":38,"minecraft:furnace":3,"minecraft:iron_ore":11,"minecraft:barrel":1,"minecraft:bookshelf":42,"minecraft:oak_sign":1,"minecraft:iron_bars":5,"minecraft:stone":111,"minecraft:iron_block":1,"minecraft:green_bed":1,"minecraft:glass_pane":2,"minecraft:red_wool":3,"minecraft:powder_snow":12,"faded_conquest_2:skull_pile":1,"minecraft:oak_fence":5,"minecraft:crafting_table":3,"minecraft:calcite":5,"born_in_chaos_v1:black_argillite_brick_n":1,"faded_conquest_2:ominous_skull":1,"minecraft:copper_ore":41,"minecraft:tall_grass":2,"minecraft:cobblestone":6,"minecraft:sugar_cane":6,"minecraft:oak_planks":5,"minecraft:diorite":1,"minecraft:skeleton_skull":3,"minecraft:spruce_stairs":1,"minecraft:cyan_wool":6,"minecraft:chain":1,"minecraft:stripped_spruce_wood":1,"minecraft:yellow_bed":1,"minecraft:grass":11,"minecraft:oak_log":9,"minecraft:coal_ore":55,"minecraft:sand":1,"minecraft:dirt":7,"minecraft:cobweb":1,"minecraft:cracked_stone_bricks":1,"minecraft:oak_leaves":3},"minecraft:crafted":{"minecraft:oak_planks":36,"minecraft:furnace":2,"travelersbackpack:diamond":2,"minecraft:diamond":9,"minecraft:iron_boots":1,"minecraft:stone_pickaxe":1,"minecraft:wheat":342,"minecraft:crafting_table":3,"minecraft:spruce_planks":4,"minecraft:wooden_pickaxe":1,"minecraft:red_bed":1,"minecraft:bread":114,"minecraft:iron_chestplate":1,"minecraft:iron_ingot":9,"minecraft:stick":8,"minecraft:iron_pickaxe":1,"minecraft:wooden_axe":1,"minecraft:iron_leggings":1,"minecraft:white_bed":1},"minecraft:custom":{"minecraft:interact_with_smithing_table":8,"minecraft:mob_kills":129,"minecraft:interact_with_crafting_table":23,"minecraft:open_barrel":42,"minecraft:damage_dealt_resisted":1767,"minecraft:leave_game":6,"minecraft:time_since_death":849,"minecraft:climb_one_cm":3802,"minecraft:sprint_one_cm":581800,"minecraft:walk_one_cm":845535,"minecraft:drop":126,"minecraft:damage_dealt_absorbed":480,"minecraft:talked_to_villager":5,"minecraft:play_time":213208,"minecraft:deaths":10,"minecraft:sneak_time":9997,"minecraft:walk_under_water_one_cm":10386,"minecraft:interact_with_brewingstand":1,"minecraft:jump":3180,"minecraft:walk_on_water_one_cm":14118,"minecraft:total_world_time":213208,"minecraft:interact_with_furnace":7,"minecraft:sleep_in_bed":16,"minecraft:time_since_rest":361,"minecraft:damage_taken":5744,"minecraft:damage_dealt":27215,"minecraft:fly_one_cm":738268,"minecraft:swim_one_cm":66665,"minecraft:open_chest":183,"minecraft:crouch_one_cm":34921,"tombstone:undead_killed":22,"tombstone:villager_killed":3,"minecraft:fall_one_cm":81104,"minecraft:horse_one_cm":3238}},"DataVersion":3465}