{"stats":{"minecraft:crafted":{"minecraft:coal":9,"minecraft:crafting_table":1,"minecraft:spruce_planks":24,"minecraft:wooden_pickaxe":1,"minecraft:stick":4,"minecraft:stone_pickaxe":1,"minecraft:stone_sword":1},"minecraft:custom":{"minecraft:mob_kills":44,"minecraft:interact_with_crafting_table":5,"minecraft:open_barrel":16,"minecraft:damage_dealt_resisted":1883,"minecraft:eat_cake_slice":3,"minecraft:leave_game":5,"minecraft:time_since_death":45042,"minecraft:sleep_in_bed":3,"minecraft:climb_one_cm":10795,"minecraft:time_since_rest":1158,"minecraft:sprint_one_cm":159126,"minecraft:walk_one_cm":151858,"minecraft:damage_taken":1408,"minecraft:trigger_trapped_chest":1,"minecraft:drop":12,"minecraft:damage_dealt":4922,"minecraft:swim_one_cm":13958,"minecraft:fly_one_cm":268194,"minecraft:open_chest":28,"minecraft:crouch_one_cm":3302,"minecraft:play_time":55504,"tombstone:undead_killed":5,"minecraft:deaths":3,"minecraft:walk_under_water_one_cm":1510,"minecraft:sneak_time":2433,"minecraft:jump":1100,"minecraft:walk_on_water_one_cm":7804,"minecraft:total_world_time":55504,"minecraft:fall_one_cm":22463,"minecraft:inspect_dispenser":2,"minecraft:horse_one_cm":18692},"minecraft:dropped":{"minecraft:lever":1,"spore:vent_plate":19,"alexsmobs:animal_dictionary":1,"tombstone:gift":1,"minecraft:cracked_stone_bricks":1,"born_in_chaos_v1:pieceofdarkmetal":2,"minecraft:chiseled_stone_bricks":1,"minecraft:stone_brick_wall":1,"minecraft:stone_bricks":4,"minecraft:stone_pickaxe":1,"minecraft:light_blue_terracotta":1,"minecraft:wooden_pickaxe":1},"minecraft:killed_by":{"spore:inf_hazmat":2},"minecraft:mined":{"spore:vent_plate":5,"minecraft:redstone_block":1,"minecraft:crafting_table":1,"minecraft:granite":2,"minecraft:stone_brick_wall":1,"minecraft:chest":2,"minecraft:redstone_wire":4,"minecraft:coal_block":4,"minecraft:spruce_leaves":3,"minecraft:chiseled_stone_bricks":1,"minecraft:spawner":5,"minecraft:hay_block":17,"minecraft:light_blue_terracotta":1,"minecraft:fire":11,"minecraft:ice":5,"spore:cdu":2,"treechop:chopped_log":1,"minecraft:iron_bars":2,"minecraft:smooth_quartz":1,"spore:rusted_vent_plate":1,"minecraft:packed_ice":1,"minecraft:cracked_stone_bricks":1,"minecraft:tripwire_hook":2,"minecraft:stone":15,"minecraft:stone_bricks":4,"spore:frozen_reinforced_door":2,"minecraft:oak_leaves":3},"minecraft:used":{"spore:cdu":2,"minecraft:iron_bars":2,"minecraft:stone_sword":28,"minecraft:stone_pickaxe":38,"minecraft:wooden_pickaxe":14,"minecraft:iron_sword":96,"minecraft:torch":18,"spore:vent_door":1,"minecraft:crafting_table":1,"theinkarena:ink_bucket":2,"minecraft:granite":2,"minecraft:redstone_torch":1,"minecraft:packed_ice":45,"minecraft:bread":12,"minecraft:iron_boots":1,"minecraft:spruce_sapling":2,"minecraft:stone_bricks":1,"minecraft:coal_block":3,"minecraft:bow":61,"minecraft:cobblestone":9,"minecraft:porkchop":6,"minecraft:bucket":2,"minecraft:egg":1,"minecraft:ice":18,"spore:rusted_vent_plate":3},"minecraft:picked_up":{"spore:cdu":2,"minecraft:crafting_table":1,"minecraft:redstone_block":1,"orcz:orcteeth":27,"born_in_chaos_v1:monster_flesh":1,"minecraft:tripwire_hook":2,"minecraft:packed_ice":18,"minecraft:stone_brick_wall":1,"minecraft:ice":6,"minecraft:gold_block":1,"minecraft:string":1,"minecraft:bone":5,"minecraft:stone_bricks":4,"minecraft:cracked_stone_bricks":1,"minecraft:bow":1,"theinkarena:ink_waste":1,"minecraft:stone_pickaxe":1,"minecraft:redstone_torch":1,"tombstone:bag_of_seeds":1,"spore:mutated_fiber":5,"minecraft:coal_block":4,"minecraft:chest":2,"minecraft:egg":1,"spore:frozen_reinforced_door":2,"minecraft:iron_boots":1,"spore:vent_door":1,"minecraft:stick":1,"orcz:orcskull":2,"born_in_chaos_v1:shattered_skull":1,"minecraft:chiseled_stone_bricks":1,"minecraft:torch":2,"orcz:orcagaric":5,"minecraft:porkchop":6,"minecraft:snow_block":5,"minecraft:spruce_sapling":2,"born_in_chaos_v1:pieceofdarkmetal":2,"minecraft:spruce_log":6,"minecraft:redstone":4,"spore:rusted_vent_plate":3,"minecraft:hay_block":17,"spore:vent_plate":19,"minecraft:arrow":56,"minecraft:rotten_flesh":1,"minecraft:light_blue_terracotta":1,"minecraft:diamond":7,"orcz:orcshroom":5,"minecraft:lever":1,"knightquest:small_essence":4,"minecraft:blue_ice":61,"minecraft:granite":2,"minecraft:mutton":1,"minecraft:iron_bars":2,"minecraft:snowball":1,"minecraft:white_wool":1,"minecraft:cobblestone":14},"minecraft:killed":{"spore:inf_hazmat":2,"spore:inf_player":1,"minecraft:spider":2,"born_in_chaos_v1:skeleton_thrasher_not_despawn":1,"theinkarena:soul_specter":3,"minecraft:sheep":1,"minecraft:skeleton":2,"theinkarena:ink_titan":1,"alexsmobs:banana_slug":1,"minecraft:zombie":2,"spore:inf_human":1,"theinkarena:ink_brute":3,"orcz:bigorcboss":1,"orcz:orcsavagemace":2,"theinkarena:titan_splotch":3,"alexsmobs:tusklin":1,"orcz:orcsavage_2sword":2,"orcz:snot":13,"orcz:orcshield":2}},"DataVersion":3465}