{"stats":{"minecraft:dropped":{"minecraft:iron_sword":1,"minecraft:crafting_table":1,"minecraft:stick":2,"minecraft:dirt":1,"minecraft:cornflower":1,"minecraft:string":1,"minecraft:mangrove_slab":1,"minecraft:redstone":5,"minecraft:waxed_cut_copper_slab":3,"minecraft:stone_axe":1,"steam_powered:raw_zinc":5,"born_in_chaos_v1:smoked_flesh":4,"minecraft:oak_planks":20,"steam_powered:raw_tin":1,"minecraft:flower_pot":2,"faded_conquest_2:keyof_pestilence":1,"minecraft:stone_bricks":1,"minecraft:wooden_pickaxe":1,"minecraft:stone_pickaxe":2},"minecraft:killed":{"born_in_chaos_v1:maggot":1,"minecraft:skeleton":12,"minecraft:silverfish":3,"spore:inf_player":1,"born_in_chaos_v1:diamond_termite":6,"minecraft:zombie":3,"spore:inf_human":2,"faded_conquest_2:infested":1,"born_in_chaos_v1:dark_vortex":1,"minecraft:cow":1},"minecraft:picked_up":{"born_in_chaos_v1:diamond_termite_shard":6,"minecraft:crafting_table":5,"minecraft:flower_pot":2,"minecraft:potion":1,"minecraft:brewing_stand":1,"minecraft:cornflower":1,"minecraft:string":1,"minecraft:waxed_cut_copper_slab":5,"minecraft:cyan_carpet":2,"minecraft:cobbled_deepslate":60,"minecraft:andesite_stairs":1,"minecraft:beef":2,"steam_powered:raw_zinc":5,"minecraft:oak_boat":1,"minecraft:cyan_wool":1,"minecraft:sugar_cane":7,"minecraft:lectern":1,"minecraft:coal_block":1,"minecraft:furnace":1,"minecraft:stick":4,"minecraft:raw_iron":37,"minecraft:stripped_mangrove_wood":4,"minecraft:cake":2,"minecraft:mangrove_trapdoor":1,"minecraft:dark_oak_planks":5,"minecraft:mangrove_stairs":2,"minecraft:arrow":14,"minecraft:rotten_flesh":4,"minecraft:pumpkin_pie":8,"tombstone:essence_of_undeath":1,"minecraft:cobblestone":41,"minecraft:enchanting_table":1,"minecraft:lilac":1,"minecraft:oak_log":40,"minecraft:dirt":8,"minecraft:mangrove_slab":1,"faded_conquest_2:keyof_pestilence":2,"minecraft:cooked_mutton":1,"minecraft:bone":13,"minecraft:gray_carpet":2,"minecraft:apple":1,"minecraft:stone_bricks":1,"minecraft:iron_ingot":29,"minecraft:stone_pickaxe":1,"spore:mutated_fiber":3,"minecraft:oak_planks":36,"minecraft:book":96,"born_in_chaos_v1:ethereal_spirit":1,"born_in_chaos_v1:dark_rod":2,"minecraft:spruce_sapling":1,"minecraft:blast_furnace":2,"minecraft:cyan_bed":1,"minecraft:spruce_log":2,"steam_powered:raw_tin":1,"knightquest:small_essence":12,"minecraft:bread":2,"tombstone:magic_scroll":1,"minecraft:coal":2},"minecraft:broken":{"minecraft:golden_pickaxe":1},"minecraft:killed_by":{"spore:inf_drowned":1,"minecraft:player":1,"spore:inf_human":1,"spore:inf_wanderer":1,"spore:inf_villager":1,"minecraft:skeleton":2,"minecraft:zombie":1},"minecraft:crafted":{"minecraft:oak_planks":156,"minecraft:coal":9,"minecraft:furnace":1,"minecraft:iron_axe":1,"minecraft:stone_pickaxe":1,"minecraft:chest":2,"minecraft:crafting_table":5,"minecraft:wooden_pickaxe":2,"minecraft:iron_sword":3,"minecraft:mangrove_planks":8,"minecraft:stone_axe":1,"minecraft:air":0,"minecraft:oak_boat":1,"minecraft:shield":1,"minecraft:stick":20,"minecraft:iron_ingot":4,"minecraft:iron_pickaxe":1,"minecraft:wooden_axe":1},"minecraft:mined":{"minecraft:dark_oak_planks":5,"minecraft:waxed_cut_copper_slab":4,"minecraft:andesite_stairs":1,"minecraft:brewing_stand":1,"faded_conquest_2:toxic_lantern":1,"minecraft:grass_block":6,"minecraft:coal_block":1,"minecraft:spruce_leaves":24,"steam_powered:tin_ore":1,"minecraft:spawner":1,"steam_powered:zinc_ore":5,"minecraft:furnace":1,"minecraft:iron_ore":32,"minecraft:enchanting_table":1,"minecraft:bookshelf":34,"minecraft:deepslate_iron_ore":6,"minecraft:light_gray_concrete":1,"minecraft:potted_cornflower":1,"minecraft:stone":35,"minecraft:stripped_mangrove_wood":4,"minecraft:cake":1,"minecraft:tripwire":1,"minecraft:mangrove_stairs":2,"minecraft:crafting_table":5,"born_in_chaos_v1:infected_deepslate_diamond_ore":4,"minecraft:blast_furnace":3,"minecraft:polished_andesite_stairs":1,"minecraft:lectern":1,"minecraft:cobblestone":6,"minecraft:cyan_bed":1,"minecraft:sugar_cane":5,"minecraft:oak_planks":15,"minecraft:cyan_wool":1,"minecraft:lilac":1,"minecraft:spruce_log":2,"minecraft:birch_leaves":1,"minecraft:grass":4,"minecraft:mangrove_slab":1,"minecraft:oak_log":40,"minecraft:coal_ore":4,"minecraft:cyan_carpet":2,"minecraft:dirt":3,"minecraft:stone_bricks":1,"minecraft:oak_leaves":18,"minecraft:deepslate":60},"minecraft:custom":{"minecraft:mob_kills":31,"minecraft:interact_with_crafting_table":19,"minecraft:open_barrel":12,"minecraft:eat_cake_slice":11,"minecraft:leave_game":4,"minecraft:time_since_death":362,"minecraft:climb_one_cm":8310,"minecraft:sprint_one_cm":257711,"minecraft:walk_one_cm":265814,"minecraft:drop":21,"minecraft:play_time":144667,"minecraft:deaths":11,"minecraft:sneak_time":4978,"minecraft:walk_under_water_one_cm":20966,"minecraft:boat_one_cm":12015,"minecraft:jump":2826,"minecraft:walk_on_water_one_cm":37108,"minecraft:total_world_time":144667,"minecraft:interact_with_furnace":7,"minecraft:sleep_in_bed":2,"minecraft:time_since_rest":1,"minecraft:damage_taken":3783,"minecraft:damage_dealt":6555,"minecraft:swim_one_cm":59533,"minecraft:fly_one_cm":609285,"minecraft:open_chest":24,"minecraft:crouch_one_cm":18996,"tombstone:undead_killed":16,"minecraft:fall_one_cm":81049},"minecraft:used":{"minecraft:beetroot":8,"minecraft:chest":2,"minecraft:stone":12,"minecraft:iron_sword":92,"minecraft:dirt":7,"minecraft:carrot":12,"minecraft:cyan_wool":1,"minecraft:dark_oak_planks":5,"minecraft:wooden_axe":4,"minecraft:mangrove_stairs":2,"minecraft:iron_axe":56,"minecraft:waxed_cut_copper_slab":2,"minecraft:furnace":1,"tombstone:gift":4,"minecraft:cobbled_deepslate":40,"minecraft:cooked_mutton":1,"minecraft:stone_pickaxe":47,"minecraft:mangrove_planks":8,"minecraft:oak_planks":30,"minecraft:wooden_pickaxe":3,"minecraft:crafting_table":7,"minecraft:cake":3,"minecraft:spruce_log":1,"minecraft:oak_log":1,"minecraft:apple":1,"minecraft:bread":3,"minecraft:cyan_bed":1,"minecraft:iron_pickaxe":94,"minecraft:cyan_carpet":2,"tombstone:magic_scroll":1,"minecraft:stone_axe":75,"minecraft:cobblestone":3,"minecraft:andesite_stairs":1,"minecraft:pumpkin_pie":8,"minecraft:oak_boat":1,"minecraft:golden_pickaxe":32}},"DataVersion":3465}