{"stats":{"minecraft:used":{"minecraft:stone_sword":39,"minecraft:chest":234,"minecraft:spruce_planks":127,"minecraft:shield":46,"minecraft:torch":7,"minecraft:dirt":19,"toms_storage:ts.crafting_terminal":1,"minecraft:carrot":14,"minecraft:iron_axe":220,"elevatorid:elevator_red":2,"minecraft:barrel":6,"minecraft:stone_bricks":10,"minecraft:basalt":16,"travelersbackpack:red_sleeping_bag":2,"minecraft:sweet_berries":175,"minecraft:cooked_mutton":11,"divine_weaponry:diamond_scythe":3,"minecraft:stone_pickaxe":21,"toms_storage:ts.inventory_connector":1,"minecraft:wooden_pickaxe":3,"minecraft:blue_bed":11,"minecraft:golden_apple":1,"minecraft:sand":3,"minecraft:crafting_table":8,"minecraft:white_bed":5,"tombstone:tablet_of_home":2,"minecraft:bread":3,"minecraft:iron_pickaxe":108,"minecraft:diamond_sword":551,"minecraft:cobblestone":27,"travelersbackpack:standard":3},"minecraft:killed":{"spore:inf_hazmat":1,"minecraft:cave_spider":9,"orcz:goblinshield":2,"minecraft:spider":8,"born_in_chaos_v1:skeleton_thrasher_not_despawn":2,"born_in_chaos_v1:thornshell_crab":1,"born_in_chaos_v1:baby_skeleton_minion":7,"farlanders:mystic_enderminion":1,"orcz:squig":1,"orcz:orcsavagemace":3,"orcz:orcsavageweird":1,"born_in_chaos_v1:supreme_bonescaller_stage_2":1,"born_in_chaos_v1:firelight_not_despawn":3,"mythicmounts:geckotoalizard":1,"minecraft:pig":14,"spore:inf_wanderer":1,"born_in_chaos_v1:bone_imp_minion":14,"orcz:goblinsavagemace":2,"born_in_chaos_v1:decrepit_skeleton":3,"minecraft:sheep":13,"spore:inf_villager":1,"minecraft:zombie":13,"spore:inf_human":1,"born_in_chaos_v1:bonescaller_not_despawn":1,"orcz:bigorcboss":6,"minecraft:stray":3,"orcz:goblin_2sword":1,"orcz:orcsavage_2sword":5,"orcz:snot":6,"orcz:orcshield":3,"minecraft:cow":12},"minecraft:custom":{"minecraft:interact_with_anvil":1,"minecraft:mob_kills":147,"minecraft:interact_with_crafting_table":76,"minecraft:open_barrel":21,"minecraft:damage_dealt_resisted":5258,"minecraft:leave_game":7,"minecraft:time_since_death":127766,"minecraft:sprint_one_cm":694780,"minecraft:walk_one_cm":541995,"minecraft:damage_blocked_by_shield":1360,"minecraft:drop":21,"minecraft:talked_to_villager":8,"minecraft:play_time":255772,"minecraft:deaths":15,"minecraft:sneak_time":17260,"minecraft:walk_under_water_one_cm":5817,"minecraft:boat_one_cm":7521,"minecraft:jump":6608,"minecraft:interact_with_brewingstand":1,"minecraft:walk_on_water_one_cm":15470,"minecraft:total_world_time":255772,"minecraft:interact_with_furnace":31,"minecraft:traded_with_villager":1,"minecraft:sleep_in_bed":24,"minecraft:time_since_rest":2366,"minecraft:damage_taken":5456,"minecraft:damage_absorbed":10,"minecraft:damage_dealt":24960,"minecraft:fly_one_cm":1490724,"minecraft:swim_one_cm":36844,"minecraft:open_chest":132,"minecraft:crouch_one_cm":50054,"tombstone:undead_killed":44,"minecraft:fall_one_cm":162120},"minecraft:mined":{"minecraft:red_carpet":2,"minecraft:tuff":1,"minecraft:spruce_planks":51,"minecraft:white_bed":5,"minecraft:potted_crimson_fungus":1,"travelersbackpack:red_sleeping_bag":2,"minecraft:grass_block":21,"minecraft:crimson_roots":1,"minecraft:spruce_leaves":18,"minecraft:chiseled_stone_bricks":1,"minecraft:spawner":8,"minecraft:large_fern":8,"minecraft:magma_block":1,"minecraft:glowstone":33,"treechop:chopped_log":13,"minecraft:gold_block":2,"minecraft:lantern":1,"minecraft:stone":31,"minecraft:iron_block":2,"spore:lab_block":2,"minecraft:podzol":4,"minecraft:red_wool":26,"minecraft:basalt":20,"minecraft:crafting_table":4,"minecraft:chest":15,"born_in_chaos_v1:black_argillite_brick_n":1,"minecraft:tall_grass":1,"minecraft:cobblestone":9,"born_in_chaos_v1:chipped_black_argillite_brick":2,"minecraft:blue_bed":11,"minecraft:chain":3,"minecraft:sweet_berry_bush":93,"minecraft:ice":1,"minecraft:white_carpet":5,"minecraft:spruce_log":1,"minecraft:birch_leaves":4,"minecraft:grass":8,"minecraft:dirt":7,"minecraft:cobweb":1,"minecraft:stone_bricks":4,"minecraft:oak_leaves":1,"minecraft:fern":4},"minecraft:crafted":{"minecraft:redstone":9,"minecraft:barrel":6,"minecraft:stone":12,"minecraft:cooked_mutton":22,"divine_weaponry:diamond_scythe":1,"minecraft:glass":40,"minecraft:diamond":18,"minecraft:diamond_helmet":1,"minecraft:diamond_leggings":1,"minecraft:iron_boots":1,"minecraft:leather":6,"minecraft:iron_axe":1,"minecraft:spruce_slab":18,"toms_storage:ts.storage_terminal":1,"minecraft:comparator":3,"minecraft:stone_pickaxe":1,"minecraft:chest":232,"minecraft:diamond_boots":1,"toms_storage:ts.inventory_connector":1,"minecraft:cooked_beef":20,"toms_storage:ts.crafting_terminal":1,"minecraft:diamond_sword":1,"minecraft:cooked_porkchop":27,"minecraft:crafting_table":8,"minecraft:spruce_planks":1952,"travelersbackpack:backpack_tank":6,"minecraft:iron_helmet":1,"travelersbackpack:standard":3,"minecraft:wooden_pickaxe":1,"elevatorid:elevator_red":2,"minecraft:glowstone":16,"minecraft:enchanted_book":1,"minecraft:bread":21,"travelersbackpack:red_sleeping_bag":3,"minecraft:iron_chestplate":1,"minecraft:stick":4,"minecraft:iron_ingot":18,"minecraft:stone_sword":1,"minecraft:iron_leggings":1,"minecraft:redstone_torch":9,"minecraft:diamond_chestplate":1},"minecraft:picked_up":{"minecraft:crafting_table":4,"spore:lab_block":2,"minecraft:coarse_dirt":1,"minecraft:flower_pot":1,"born_in_chaos_v1:seedof_chaos":2,"minecraft:diamond_sword":1,"minecraft:gold_block":6,"minecraft:chain":3,"minecraft:shield":2,"minecraft:string":15,"minecraft:white_carpet":4,"minecraft:spruce_planks":47,"minecraft:beef":27,"minecraft:iron_pickaxe":1,"minecraft:chest":14,"minecraft:birch_sapling":1,"minecraft:egg":1,"minecraft:tipped_arrow":1,"minecraft:stick":60,"orcz:orcskull":1,"born_in_chaos_v1:shattered_skull":3,"minecraft:torch":84,"minecraft:porkchop":27,"orcz:orchorn":6,"orcz:squigs_claws":2,"tombstone:grave_dust":8,"minecraft:arrow":2,"minecraft:rotten_flesh":6,"minecraft:iron_block":2,"born_in_chaos_v1:spiny_shell":4,"minecraft:mutton":18,"minecraft:snowball":16,"minecraft:white_wool":9,"minecraft:cobblestone":96,"minecraft:feather":3,"minecraft:basalt":16,"orcz:orcteeth":89,"born_in_chaos_v1:spiritual_dust":5,"minecraft:leather":11,"travelersbackpack:red_sleeping_bag":2,"minecraft:crimson_fungus":1,"minecraft:blue_bed":11,"minecraft:dirt":31,"minecraft:lantern":1,"minecraft:red_carpet":4,"minecraft:glass":32,"minecraft:bone":23,"minecraft:stone_bricks":11,"minecraft:wheat_seeds":3,"born_in_chaos_v1:chipped_black_argillite_brick":1,"tombstone:bag_of_seeds":1,"spore:mutated_fiber":5,"minecraft:glowstone_dust":84,"minecraft:book":2,"spore:cerebrum":2,"minecraft:sweet_berries":198,"minecraft:red_wool":26,"born_in_chaos_v1:orbofthe_summoner":1,"orcz:orcagaric":4,"minecraft:sand":3,"orcz:blue_orcshroom":1,"minecraft:spruce_sapling":69,"minecraft:white_bed":5,"minecraft:spruce_log":603,"minecraft:cyan_bed":1,"minecraft:diamond_block":2,"minecraft:spider_eye":4,"born_in_chaos_v1:fire_dust":3,"minecraft:diamond":17,"minecraft:spruce_boat":1,"knightquest:small_essence":15,"minecraft:gray_wool":2,"orcz:ironscrap":1,"born_in_chaos_v1:rotten_fish":1,"orcz:orceye":2,"minecraft:black_wool":2},"minecraft:dropped":{"minecraft:wheat_seeds":3,"minecraft:diamond":1,"minecraft:glow_berries":3,"orcz:orcagaric":4,"travelersbackpack:standard":1,"tombstone:grave_dust":2,"minecraft:iron_pickaxe":1,"minecraft:spruce_sapling":1,"minecraft:bone":26,"minecraft:rotten_flesh":2,"minecraft:diamond_sword":1,"orcz:squigs_claws":1,"minecraft:stone_bricks":1,"knightquest:small_essence":1,"minecraft:spruce_log":64},"minecraft:killed_by":{"minecraft:creeper":1,"born_in_chaos_v1:bone_imp_minion":3,"alexsmobs:tusklin":2,"minecraft:cave_spider":3,"born_in_chaos_v1:supreme_bonescaller_stage_2":1,"born_in_chaos_v1:bonescaller_not_despawn":1,"minecraft:vex":1}},"DataVersion":3465}