{"stats":{"minecraft:crafted":{"minecraft:diamond_sword":1,"minecraft:crafting_table":2,"minecraft:spruce_planks":20,"minecraft:wooden_pickaxe":1,"minecraft:iron_helmet":1,"minecraft:iron_chestplate":1,"minecraft:iron_boots":1,"minecraft:iron_ingot":18,"minecraft:stone_pickaxe":1,"minecraft:stone_sword":1,"minecraft:iron_leggings":1},"minecraft:custom":{"minecraft:mob_kills":94,"minecraft:interact_with_crafting_table":12,"minecraft:open_barrel":14,"minecraft:damage_dealt_resisted":5198,"minecraft:leave_game":1,"minecraft:time_since_death":13737,"minecraft:sleep_in_bed":8,"minecraft:time_since_rest":3925,"minecraft:damage_absorbed":10,"minecraft:sprint_one_cm":194813,"minecraft:walk_one_cm":287226,"minecraft:damage_taken":3447,"minecraft:damage_blocked_by_shield":1280,"minecraft:drop":2,"minecraft:damage_dealt":16185,"minecraft:fly_one_cm":361517,"minecraft:open_chest":40,"minecraft:crouch_one_cm":8147,"minecraft:play_time":71897,"tombstone:undead_killed":41,"minecraft:deaths":12,"minecraft:sneak_time":4224,"minecraft:jump":1674,"minecraft:interact_with_brewingstand":1,"minecraft:walk_on_water_one_cm":1568,"minecraft:total_world_time":71897,"minecraft:fall_one_cm":35295},"minecraft:dropped":{"minecraft:rotten_flesh":2},"minecraft:killed_by":{"minecraft:cave_spider":3,"minecraft:creeper":1,"born_in_chaos_v1:supreme_bonescaller_stage_2":1,"born_in_chaos_v1:bone_imp_minion":3,"alexsmobs:tusklin":1,"born_in_chaos_v1:bonescaller_not_despawn":1,"minecraft:vex":1},"minecraft:mined":{"minecraft:spruce_planks":2,"minecraft:white_bed":1,"minecraft:potted_crimson_fungus":1,"minecraft:crafting_table":4,"minecraft:grass_block":6,"born_in_chaos_v1:black_argillite_brick_n":1,"minecraft:crimson_roots":1,"minecraft:tall_grass":1,"minecraft:cobblestone":9,"born_in_chaos_v1:chipped_black_argillite_brick":1,"minecraft:spruce_leaves":16,"minecraft:blue_bed":10,"minecraft:spawner":8,"minecraft:chain":3,"minecraft:magma_block":1,"minecraft:ice":1,"minecraft:white_carpet":5,"treechop:chopped_log":1,"minecraft:grass":6,"minecraft:lantern":1,"minecraft:dirt":6,"minecraft:cobweb":1,"minecraft:stone":30,"minecraft:iron_block":2,"spore:lab_block":2,"minecraft:fern":1},"minecraft:used":{"minecraft:stone_sword":39,"minecraft:stone_pickaxe":21,"minecraft:spruce_planks":11,"minecraft:shield":45,"minecraft:wooden_pickaxe":3,"minecraft:blue_bed":9,"minecraft:golden_apple":1,"minecraft:sand":3,"minecraft:dirt":9,"minecraft:crafting_table":5,"minecraft:carrot":14,"minecraft:iron_pickaxe":45,"minecraft:diamond_sword":363,"minecraft:cobblestone":27},"minecraft:picked_up":{"spore:lab_block":2,"minecraft:crafting_table":4,"minecraft:feather":3,"orcz:orcteeth":39,"minecraft:flower_pot":1,"born_in_chaos_v1:spiritual_dust":5,"born_in_chaos_v1:seedof_chaos":2,"minecraft:gold_block":1,"minecraft:crimson_fungus":1,"minecraft:chain":3,"minecraft:shield":2,"minecraft:string":15,"minecraft:dirt":12,"minecraft:blue_bed":10,"minecraft:lantern":1,"minecraft:white_carpet":4,"minecraft:bone":23,"minecraft:spruce_planks":2,"born_in_chaos_v1:chipped_black_argillite_brick":1,"tombstone:bag_of_seeds":1,"minecraft:tipped_arrow":1,"minecraft:stick":6,"born_in_chaos_v1:shattered_skull":3,"born_in_chaos_v1:orbofthe_summoner":1,"orcz:orcagaric":4,"minecraft:porkchop":16,"minecraft:sand":3,"orcz:blue_orcshroom":1,"orcz:orchorn":3,"minecraft:spruce_sapling":1,"orcz:squigs_claws":1,"tombstone:grave_dust":8,"minecraft:white_bed":1,"minecraft:spruce_log":5,"minecraft:spider_eye":4,"minecraft:arrow":2,"minecraft:rotten_flesh":6,"born_in_chaos_v1:fire_dust":3,"minecraft:diamond":16,"knightquest:small_essence":14,"minecraft:iron_block":2,"orcz:orceye":1,"minecraft:snowball":16,"minecraft:cobblestone":32},"minecraft:killed":{"spore:inf_hazmat":1,"minecraft:cave_spider":9,"minecraft:pig":8,"born_in_chaos_v1:bone_imp_minion":14,"orcz:goblinsavagemace":1,"minecraft:spider":8,"born_in_chaos_v1:skeleton_thrasher_not_despawn":2,"born_in_chaos_v1:baby_skeleton_minion":7,"born_in_chaos_v1:decrepit_skeleton":3,"minecraft:zombie":10,"spore:inf_human":1,"born_in_chaos_v1:bonescaller_not_despawn":1,"minecraft:stray":3,"orcz:bigorcboss":3,"orcz:squig":1,"orcz:orcsavagemace":1,"born_in_chaos_v1:supreme_bonescaller_stage_2":1,"orcz:orcsavage_2sword":3,"orcz:snot":6,"orcz:orcshield":1,"born_in_chaos_v1:firelight_not_despawn":3}},"DataVersion":3465}