{"stats":{"minecraft:crafted":{"minecraft:diamond_sword":1,"minecraft:crafting_table":2,"minecraft:spruce_planks":20,"minecraft:iron_helmet":1,"minecraft:wooden_pickaxe":1,"minecraft:iron_boots":1,"minecraft:iron_chestplate":1,"minecraft:iron_ingot":18,"minecraft:stone_pickaxe":1,"minecraft:stone_sword":1,"minecraft:iron_leggings":1},"minecraft:custom":{"minecraft:mob_kills":68,"minecraft:interact_with_crafting_table":12,"minecraft:open_barrel":14,"minecraft:damage_dealt_resisted":3638,"minecraft:time_since_death":6267,"minecraft:sleep_in_bed":5,"minecraft:time_since_rest":6035,"minecraft:damage_absorbed":10,"minecraft:sprint_one_cm":106075,"minecraft:damage_taken":2845,"minecraft:walk_one_cm":150370,"minecraft:damage_blocked_by_shield":1190,"minecraft:drop":2,"minecraft:damage_dealt":11950,"minecraft:fly_one_cm":137212,"minecraft:open_chest":21,"minecraft:crouch_one_cm":4705,"minecraft:play_time":38680,"tombstone:undead_killed":40,"minecraft:deaths":10,"minecraft:sneak_time":2650,"minecraft:interact_with_brewingstand":1,"minecraft:jump":693,"minecraft:walk_on_water_one_cm":1432,"minecraft:total_world_time":38680,"minecraft:fall_one_cm":13707},"minecraft:dropped":{"minecraft:rotten_flesh":2},"minecraft:killed_by":{"minecraft:cave_spider":3,"minecraft:creeper":1,"born_in_chaos_v1:supreme_bonescaller_stage_2":1,"born_in_chaos_v1:bone_imp_minion":3,"born_in_chaos_v1:bonescaller_not_despawn":1,"minecraft:vex":1},"minecraft:mined":{"minecraft:spruce_planks":2,"minecraft:potted_crimson_fungus":1,"minecraft:crafting_table":4,"born_in_chaos_v1:black_argillite_brick_n":1,"minecraft:cobblestone":2,"minecraft:tall_grass":1,"minecraft:spruce_leaves":6,"minecraft:blue_bed":4,"minecraft:spawner":8,"minecraft:chain":3,"minecraft:ice":1,"minecraft:white_carpet":5,"treechop:chopped_log":1,"minecraft:grass":6,"minecraft:cobweb":1,"minecraft:stone":15,"minecraft:iron_block":2,"minecraft:fern":1},"minecraft:used":{"minecraft:stone_sword":39,"minecraft:stone_pickaxe":21,"minecraft:spruce_planks":2,"minecraft:wooden_pickaxe":3,"minecraft:shield":43,"minecraft:blue_bed":3,"minecraft:golden_apple":1,"minecraft:sand":3,"minecraft:crafting_table":5,"minecraft:carrot":3,"minecraft:iron_pickaxe":13,"minecraft:diamond_sword":247,"minecraft:cobblestone":10},"minecraft:picked_up":{"minecraft:crafting_table":4,"minecraft:feather":3,"orcz:orcteeth":16,"minecraft:flower_pot":1,"born_in_chaos_v1:spiritual_dust":5,"born_in_chaos_v1:seedof_chaos":2,"minecraft:crimson_fungus":1,"minecraft:chain":3,"minecraft:shield":1,"minecraft:blue_bed":4,"minecraft:string":15,"minecraft:white_carpet":4,"minecraft:bone":18,"minecraft:spruce_planks":2,"tombstone:bag_of_seeds":1,"minecraft:tipped_arrow":1,"minecraft:stick":6,"born_in_chaos_v1:shattered_skull":2,"born_in_chaos_v1:orbofthe_summoner":1,"minecraft:porkchop":9,"minecraft:sand":3,"orcz:orchorn":1,"tombstone:grave_dust":6,"minecraft:spruce_log":5,"minecraft:spider_eye":4,"minecraft:arrow":2,"minecraft:rotten_flesh":6,"minecraft:diamond":9,"knightquest:small_essence":14,"minecraft:iron_block":2,"orcz:orceye":1,"minecraft:snowball":16,"minecraft:cobblestone":15},"minecraft:killed":{"minecraft:cave_spider":9,"minecraft:pig":4,"born_in_chaos_v1:bone_imp_minion":14,"minecraft:spider":8,"born_in_chaos_v1:skeleton_thrasher_not_despawn":1,"born_in_chaos_v1:baby_skeleton_minion":7,"born_in_chaos_v1:decrepit_skeleton":3,"minecraft:zombie":10,"born_in_chaos_v1:bonescaller_not_despawn":1,"orcz:bigorcboss":1,"minecraft:stray":3,"born_in_chaos_v1:supreme_bonescaller_stage_2":1,"orcz:orcsavage_2sword":1}},"DataVersion":3465}