{"stats":{"minecraft:used":{"minecraft:stone_sword":39,"minecraft:polished_basalt":10,"minecraft:chest":234,"minecraft:spruce_planks":127,"minecraft:shield":46,"minecraft:torch":7,"minecraft:dirt":20,"toms_storage:ts.crafting_terminal":1,"minecraft:carrot":16,"minecraft:iron_axe":220,"elevatorid:elevator_red":2,"minecraft:barrel":6,"minecraft:stone_bricks":10,"minecraft:basalt":16,"travelersbackpack:red_sleeping_bag":2,"minecraft:furnace":1,"minecraft:sweet_berries":175,"minecraft:potato":13,"minecraft:cooked_mutton":11,"minecraft:polished_andesite":14,"divine_weaponry:diamond_scythe":109,"minecraft:stone_pickaxe":21,"toms_storage:ts.inventory_connector":1,"minecraft:oak_planks":5,"minecraft:wooden_pickaxe":3,"useless_sword:pillager_dagger":26,"minecraft:green_bed":1,"minecraft:blue_bed":11,"born_in_chaos_v1:black_argillite_brick_stairs":2,"minecraft:golden_apple":1,"minecraft:sand":3,"minecraft:crafting_table":8,"minecraft:white_bed":5,"tombstone:tablet_of_home":2,"minecraft:apple":2,"minecraft:cyan_bed":2,"minecraft:bread":25,"minecraft:iron_pickaxe":162,"minecraft:diamond_sword":551,"minecraft:cobblestone":31,"travelersbackpack:standard":5,"useless_sword:ravager_sword":21,"minecraft:cooked_porkchop":5,"minecraft:yellow_bed":4,"minecraft:splash_potion":2},"minecraft:killed":{"spore:inf_hazmat":1,"minecraft:cave_spider":9,"orcz:goblinshield":4,"minecraft:spider":8,"born_in_chaos_v1:skeleton_thrasher_not_despawn":2,"born_in_chaos_v1:thornshell_crab":1,"born_in_chaos_v1:baby_skeleton_minion":7,"minecraft:skeleton":2,"farlanders:mystic_enderminion":1,"minecraft:silverfish":6,"faded_conquest_2:doomharbor_lich":1,"orcz:squig":1,"orcz:orcsavagemace":5,"orcz:orcsavageweird":2,"born_in_chaos_v1:supreme_bonescaller_stage_2":1,"faded_conquest_2:mimic":4,"born_in_chaos_v1:firelight_not_despawn":6,"mythicmounts:geckotoalizard":1,"faded_conquest_2:the_plauge_bringer":1,"orcz:weirdboinecro":1,"minecraft:pig":14,"spore:inf_wanderer":1,"born_in_chaos_v1:bone_imp_minion":14,"orcz:goblinsavagemace":3,"born_in_chaos_v1:decrepit_skeleton":3,"minecraft:sheep":17,"spore:inf_villager":1,"minecraft:zombie":15,"spore:inf_human":4,"faded_conquest_2:infested":2,"born_in_chaos_v1:bonescaller_not_despawn":1,"orcz:bigorcboss":8,"minecraft:stray":3,"orcz:goblin_2sword":2,"orcz:orcsavage_2sword":7,"orcz:snot":6,"orcz:orcshield":5,"minecraft:cow":13},"minecraft:custom":{"minecraft:interact_with_anvil":1,"minecraft:mob_kills":190,"minecraft:interact_with_crafting_table":79,"minecraft:open_barrel":27,"minecraft:damage_dealt_resisted":5738,"minecraft:leave_game":7,"minecraft:time_since_death":193766,"minecraft:climb_one_cm":6813,"minecraft:sprint_one_cm":952569,"minecraft:walk_one_cm":664471,"minecraft:damage_blocked_by_shield":1360,"minecraft:drop":23,"minecraft:talked_to_villager":9,"minecraft:play_time":321772,"minecraft:deaths":15,"minecraft:sneak_time":18295,"minecraft:walk_under_water_one_cm":6632,"minecraft:boat_one_cm":7521,"minecraft:jump":9230,"minecraft:interact_with_brewingstand":1,"minecraft:walk_on_water_one_cm":20910,"minecraft:total_world_time":321772,"minecraft:interact_with_furnace":44,"minecraft:traded_with_villager":1,"minecraft:sleep_in_bed":32,"minecraft:time_since_rest":0,"minecraft:damage_taken":6628,"minecraft:damage_absorbed":10,"minecraft:damage_dealt":38587,"minecraft:fly_one_cm":2120837,"minecraft:swim_one_cm":56192,"minecraft:open_chest":168,"minecraft:crouch_one_cm":52925,"tombstone:undead_killed":52,"minecraft:fall_one_cm":245858},"minecraft:mined":{"minecraft:red_carpet":2,"minecraft:tuff":1,"minecraft:spruce_planks":51,"minecraft:white_bed":5,"minecraft:andesite_stairs":1,"minecraft:potted_crimson_fungus":1,"faded_conquest_2:toxic_lantern":1,"travelersbackpack:red_sleeping_bag":2,"minecraft:grass_block":25,"minecraft:crimson_roots":1,"minecraft:spruce_leaves":18,"minecraft:chiseled_stone_bricks":1,"minecraft:spawner":9,"minecraft:large_fern":8,"minecraft:hay_block":52,"minecraft:magma_block":1,"minecraft:glowstone":33,"minecraft:furnace":1,"minecraft:polished_basalt":10,"born_in_chaos_v1:black_argillite_brick_stairs":5,"treechop:chopped_log":13,"minecraft:gold_block":2,"minecraft:iron_bars":1,"minecraft:lantern":1,"minecraft:stone":31,"minecraft:iron_block":2,"minecraft:green_bed":1,"spore:lab_block":2,"minecraft:podzol":4,"minecraft:red_wool":26,"minecraft:basalt":20,"travelersbackpack:standard":1,"minecraft:crafting_table":5,"minecraft:calcite":1,"minecraft:chest":15,"born_in_chaos_v1:black_argillite_brick_n":1,"faded_conquest_2:ominous_skull":1,"minecraft:tall_grass":2,"minecraft:cobblestone":21,"minecraft:slime_block":1,"born_in_chaos_v1:chipped_black_argillite_brick":3,"minecraft:cyan_bed":1,"minecraft:blue_bed":11,"minecraft:chain":3,"born_in_chaos_v1:fired_black_argillite":2,"minecraft:wheat":37,"minecraft:sweet_berry_bush":93,"minecraft:ice":1,"minecraft:yellow_bed":4,"minecraft:stone_brick_stairs":1,"minecraft:white_carpet":5,"minecraft:spruce_log":1,"minecraft:black_bed":1,"minecraft:birch_leaves":4,"minecraft:grass":16,"minecraft:oak_log":6,"minecraft:dirt":9,"minecraft:cobweb":1,"minecraft:polished_andesite":14,"minecraft:stone_bricks":4,"minecraft:oak_leaves":6,"minecraft:fern":4},"minecraft:crafted":{"minecraft:oak_planks":24,"minecraft:redstone":9,"minecraft:barrel":6,"minecraft:furnace":1,"minecraft:stone":12,"minecraft:cooked_mutton":27,"divine_weaponry:diamond_scythe":1,"minecraft:glass":40,"minecraft:diamond":18,"minecraft:diamond_helmet":1,"minecraft:diamond_leggings":1,"minecraft:iron_boots":1,"minecraft:leather":6,"minecraft:iron_axe":1,"minecraft:spruce_slab":18,"toms_storage:ts.storage_terminal":1,"minecraft:comparator":3,"minecraft:stone_pickaxe":1,"minecraft:chest":232,"minecraft:diamond_boots":1,"toms_storage:ts.inventory_connector":1,"minecraft:cooked_beef":29,"toms_storage:ts.crafting_terminal":1,"minecraft:diamond_sword":1,"minecraft:cooked_porkchop":27,"minecraft:crafting_table":8,"minecraft:spruce_planks":1952,"travelersbackpack:backpack_tank":6,"minecraft:iron_helmet":1,"travelersbackpack:standard":3,"minecraft:wooden_pickaxe":1,"elevatorid:elevator_red":2,"minecraft:glowstone":16,"minecraft:enchanted_book":1,"minecraft:bread":33,"travelersbackpack:red_sleeping_bag":3,"minecraft:iron_chestplate":1,"minecraft:stick":4,"minecraft:iron_ingot":18,"minecraft:stone_sword":1,"minecraft:gold_ingot":18,"minecraft:iron_leggings":1,"minecraft:redstone_torch":9,"minecraft:diamond_chestplate":1},"minecraft:picked_up":{"minecraft:crafting_table":5,"spore:lab_block":2,"minecraft:coarse_dirt":1,"minecraft:wheat":37,"minecraft:flower_pot":1,"born_in_chaos_v1:seedof_chaos":2,"minecraft:diamond_sword":1,"minecraft:gold_block":8,"minecraft:chain":3,"minecraft:shield":2,"minecraft:string":15,"faded_conquest_2:key_of_death":1,"minecraft:white_carpet":4,"minecraft:spruce_planks":47,"minecraft:beef":29,"minecraft:andesite_stairs":1,"minecraft:iron_pickaxe":1,"minecraft:chest":14,"minecraft:birch_sapling":1,"minecraft:furnace":1,"minecraft:egg":1,"minecraft:tipped_arrow":1,"minecraft:stick":60,"orcz:orcskull":1,"born_in_chaos_v1:shattered_skull":3,"minecraft:green_bed":1,"minecraft:torch":84,"minecraft:porkchop":27,"orcz:orchorn":8,"orcz:squigs_claws":2,"tombstone:grave_dust":8,"minecraft:carrot":1,"born_in_chaos_v1:black_argillite_brick_stairs":3,"minecraft:arrow":2,"minecraft:rotten_flesh":10,"minecraft:polished_basalt":10,"minecraft:hay_block":52,"minecraft:iron_block":2,"born_in_chaos_v1:spiny_shell":4,"minecraft:iron_bars":1,"minecraft:mutton":23,"minecraft:snowball":16,"minecraft:white_wool":12,"minecraft:cobblestone":108,"minecraft:feather":3,"minecraft:basalt":16,"orcz:orcteeth":121,"born_in_chaos_v1:spiritual_dust":5,"minecraft:brown_wool":1,"minecraft:black_bed":1,"minecraft:leather":12,"travelersbackpack:red_sleeping_bag":2,"alexsmobs:bison_fur":1,"minecraft:crimson_fungus":1,"minecraft:oak_log":6,"minecraft:yellow_bed":4,"minecraft:blue_bed":11,"minecraft:dirt":32,"minecraft:lantern":1,"faded_conquest_2:keyof_pestilence":1,"minecraft:red_carpet":4,"minecraft:glass":32,"minecraft:bone":24,"minecraft:apple":1,"minecraft:stone_bricks":11,"minecraft:wheat_seeds":101,"born_in_chaos_v1:chipped_black_argillite_brick":1,"tombstone:bag_of_seeds":1,"spore:mutated_fiber":5,"minecraft:glowstone_dust":84,"minecraft:book":2,"spore:cerebrum":2,"minecraft:sweet_berries":198,"minecraft:red_wool":26,"born_in_chaos_v1:orbofthe_summoner":1,"orcz:orcagaric":4,"minecraft:sand":8,"orcz:blue_orcshroom":1,"minecraft:spruce_sapling":69,"minecraft:white_bed":5,"minecraft:spruce_log":603,"minecraft:cyan_bed":2,"minecraft:diamond_block":2,"minecraft:spider_eye":4,"travelersbackpack:standard":1,"minecraft:polished_andesite":14,"minecraft:slime_block":1,"born_in_chaos_v1:fire_dust":6,"minecraft:diamond":21,"minecraft:spruce_boat":1,"knightquest:small_essence":20,"minecraft:gray_wool":2,"orcz:ironscrap":1,"born_in_chaos_v1:rotten_fish":1,"orcz:orceye":3,"minecraft:black_wool":2},"minecraft:dropped":{"minecraft:wheat_seeds":3,"minecraft:diamond":1,"minecraft:glow_berries":3,"orcz:orcagaric":4,"minecraft:apple":1,"travelersbackpack:standard":1,"tombstone:grave_dust":2,"minecraft:iron_pickaxe":1,"minecraft:spruce_sapling":1,"minecraft:bone":26,"minecraft:rotten_flesh":2,"minecraft:diamond_sword":1,"orcz:squigs_claws":1,"minecraft:stone_bricks":1,"knightquest:small_essence":1,"minecraft:spruce_log":64,"orcz:orchorn":1},"minecraft:killed_by":{"minecraft:creeper":1,"born_in_chaos_v1:bone_imp_minion":3,"alexsmobs:tusklin":2,"minecraft:cave_spider":3,"born_in_chaos_v1:supreme_bonescaller_stage_2":1,"born_in_chaos_v1:bonescaller_not_despawn":1,"minecraft:vex":1}},"DataVersion":3465}