{"stats":{"minecraft:crafted":{"minecraft:iron_boots":1,"minecraft:diamond_leggings":1,"minecraft:iron_axe":1,"minecraft:stone_pickaxe":1,"minecraft:chest":64,"minecraft:diamond_sword":1,"minecraft:crafting_table":3,"minecraft:spruce_planks":604,"minecraft:iron_helmet":1,"minecraft:wooden_pickaxe":1,"minecraft:enchanted_book":1,"minecraft:iron_chestplate":1,"minecraft:stick":4,"minecraft:iron_ingot":18,"minecraft:stone_sword":1,"minecraft:iron_leggings":1,"minecraft:diamond_chestplate":1},"minecraft:custom":{"minecraft:mob_kills":101,"minecraft:interact_with_crafting_table":16,"minecraft:open_barrel":16,"minecraft:damage_dealt_resisted":5198,"minecraft:leave_game":2,"minecraft:time_since_death":22957,"minecraft:sprint_one_cm":382791,"minecraft:walk_one_cm":385962,"minecraft:damage_blocked_by_shield":1360,"minecraft:drop":16,"minecraft:talked_to_villager":7,"minecraft:play_time":119701,"minecraft:deaths":14,"minecraft:sneak_time":4758,"minecraft:walk_under_water_one_cm":1063,"minecraft:boat_one_cm":7521,"minecraft:jump":3313,"minecraft:interact_with_brewingstand":1,"minecraft:walk_on_water_one_cm":3974,"minecraft:total_world_time":119701,"minecraft:traded_with_villager":1,"minecraft:sleep_in_bed":12,"minecraft:time_since_rest":7342,"minecraft:damage_taken":4451,"minecraft:damage_absorbed":10,"minecraft:damage_dealt":17967,"minecraft:swim_one_cm":9476,"minecraft:fly_one_cm":797645,"minecraft:open_chest":43,"minecraft:crouch_one_cm":9520,"tombstone:undead_killed":44,"minecraft:fall_one_cm":70922},"minecraft:dropped":{"minecraft:wheat_seeds":3,"minecraft:diamond":1,"minecraft:glow_berries":3,"orcz:orcagaric":4,"tombstone:grave_dust":2,"minecraft:iron_pickaxe":1,"minecraft:spruce_sapling":1,"minecraft:rotten_flesh":2,"orcz:squigs_claws":1,"knightquest:small_essence":1},"minecraft:killed_by":{"minecraft:creeper":1,"born_in_chaos_v1:bone_imp_minion":3,"alexsmobs:tusklin":2,"minecraft:cave_spider":3,"born_in_chaos_v1:supreme_bonescaller_stage_2":1,"born_in_chaos_v1:bonescaller_not_despawn":1,"minecraft:vex":1},"minecraft:mined":{"minecraft:tuff":1,"minecraft:spruce_planks":4,"minecraft:white_bed":5,"minecraft:potted_crimson_fungus":1,"minecraft:grass_block":14,"minecraft:crimson_roots":1,"minecraft:spruce_leaves":17,"minecraft:chiseled_stone_bricks":1,"minecraft:spawner":8,"minecraft:large_fern":8,"minecraft:magma_block":1,"treechop:chopped_log":7,"minecraft:gold_block":1,"minecraft:lantern":1,"minecraft:stone":31,"minecraft:iron_block":2,"spore:lab_block":2,"minecraft:crafting_table":4,"born_in_chaos_v1:black_argillite_brick_n":1,"minecraft:tall_grass":1,"minecraft:cobblestone":9,"born_in_chaos_v1:chipped_black_argillite_brick":1,"minecraft:blue_bed":11,"minecraft:chain":3,"minecraft:sweet_berry_bush":93,"minecraft:ice":1,"minecraft:white_carpet":5,"minecraft:grass":8,"minecraft:dirt":7,"minecraft:cobweb":1,"minecraft:fern":2},"minecraft:used":{"minecraft:stone_sword":39,"minecraft:spruce_planks":11,"minecraft:shield":46,"minecraft:dirt":19,"minecraft:carrot":14,"minecraft:iron_axe":65,"minecraft:sweet_berries":86,"minecraft:stone_pickaxe":21,"minecraft:wooden_pickaxe":3,"minecraft:blue_bed":11,"minecraft:golden_apple":1,"minecraft:sand":3,"minecraft:crafting_table":7,"minecraft:white_bed":5,"tombstone:tablet_of_home":2,"minecraft:iron_pickaxe":49,"minecraft:diamond_sword":423,"minecraft:cobblestone":27},"minecraft:picked_up":{"minecraft:crafting_table":4,"spore:lab_block":2,"minecraft:coarse_dirt":1,"minecraft:flower_pot":1,"born_in_chaos_v1:seedof_chaos":2,"minecraft:gold_block":3,"minecraft:chain":3,"minecraft:shield":2,"minecraft:string":15,"minecraft:white_carpet":4,"minecraft:spruce_planks":4,"minecraft:iron_pickaxe":1,"minecraft:tipped_arrow":1,"minecraft:stick":29,"born_in_chaos_v1:shattered_skull":3,"minecraft:porkchop":16,"orcz:orchorn":4,"orcz:squigs_claws":2,"tombstone:grave_dust":8,"minecraft:arrow":2,"minecraft:rotten_flesh":6,"minecraft:iron_block":2,"born_in_chaos_v1:spiny_shell":4,"minecraft:snowball":16,"minecraft:cobblestone":32,"minecraft:feather":3,"orcz:orcteeth":55,"born_in_chaos_v1:spiritual_dust":5,"minecraft:crimson_fungus":1,"minecraft:blue_bed":11,"minecraft:dirt":20,"minecraft:lantern":1,"minecraft:bone":23,"minecraft:wheat_seeds":3,"born_in_chaos_v1:chipped_black_argillite_brick":1,"tombstone:bag_of_seeds":1,"spore:mutated_fiber":3,"minecraft:book":2,"spore:cerebrum":1,"minecraft:sweet_berries":198,"born_in_chaos_v1:orbofthe_summoner":1,"orcz:orcagaric":4,"orcz:blue_orcshroom":1,"minecraft:sand":3,"minecraft:spruce_sapling":21,"minecraft:white_bed":5,"minecraft:spruce_log":308,"minecraft:cyan_bed":1,"minecraft:spider_eye":4,"born_in_chaos_v1:fire_dust":3,"minecraft:diamond":17,"minecraft:spruce_boat":1,"knightquest:small_essence":15,"orcz:orceye":1,"born_in_chaos_v1:rotten_fish":1},"minecraft:killed":{"spore:inf_hazmat":1,"minecraft:cave_spider":9,"minecraft:spider":8,"born_in_chaos_v1:skeleton_thrasher_not_despawn":2,"born_in_chaos_v1:thornshell_crab":1,"born_in_chaos_v1:baby_skeleton_minion":7,"orcz:squig":1,"orcz:orcsavagemace":1,"born_in_chaos_v1:supreme_bonescaller_stage_2":1,"born_in_chaos_v1:firelight_not_despawn":3,"minecraft:pig":8,"born_in_chaos_v1:bone_imp_minion":14,"orcz:goblinsavagemace":1,"born_in_chaos_v1:decrepit_skeleton":3,"spore:inf_villager":1,"minecraft:zombie":13,"spore:inf_human":1,"minecraft:stray":3,"orcz:bigorcboss":4,"born_in_chaos_v1:bonescaller_not_despawn":1,"orcz:orcsavage_2sword":3,"orcz:snot":6,"orcz:orcshield":1,"minecraft:cow":1}},"DataVersion":3465}