{"stats":{"minecraft:crafted":{"minecraft:diamond_sword":1,"minecraft:iron_chestplate":1,"minecraft:crafting_table":2,"minecraft:spruce_planks":20,"minecraft:wooden_pickaxe":1,"minecraft:stone_pickaxe":1,"minecraft:stone_sword":1},"minecraft:custom":{"minecraft:time_since_rest":880,"minecraft:walk_one_cm":51977,"minecraft:damage_taken":338,"minecraft:sprint_one_cm":43923,"minecraft:damage_absorbed":10,"minecraft:mob_kills":18,"minecraft:damage_dealt":3096,"minecraft:fly_one_cm":110648,"minecraft:interact_with_crafting_table":10,"minecraft:open_chest":6,"minecraft:crouch_one_cm":2384,"tombstone:undead_killed":8,"minecraft:play_time":14680,"minecraft:deaths":1,"minecraft:sneak_time":1216,"minecraft:damage_dealt_resisted":1440,"minecraft:jump":445,"minecraft:time_since_death":1072,"minecraft:walk_on_water_one_cm":1432,"minecraft:sleep_in_bed":2,"minecraft:total_world_time":14680,"minecraft:fall_one_cm":12409},"minecraft:killed_by":{"minecraft:creeper":1},"minecraft:mined":{"minecraft:ice":1,"minecraft:white_carpet":5,"treechop:chopped_log":1,"minecraft:crafting_table":3,"minecraft:grass":3,"minecraft:spruce_leaves":4,"minecraft:stone":15,"minecraft:blue_bed":1,"minecraft:spawner":1},"minecraft:used":{"minecraft:stone_sword":39,"minecraft:stone_pickaxe":14,"minecraft:wooden_pickaxe":3,"minecraft:blue_bed":1,"minecraft:golden_apple":1,"minecraft:diamond_sword":60,"minecraft:sand":3,"minecraft:cobblestone":8,"minecraft:crafting_table":4},"minecraft:picked_up":{"born_in_chaos_v1:shattered_skull":1,"minecraft:stick":6,"minecraft:crafting_table":3,"minecraft:feather":3,"orcz:orcteeth":16,"minecraft:porkchop":9,"minecraft:sand":3,"orcz:orchorn":1,"minecraft:shield":1,"minecraft:spruce_log":5,"minecraft:string":1,"minecraft:spider_eye":1,"minecraft:blue_bed":1,"minecraft:white_carpet":4,"minecraft:bone":12,"minecraft:rotten_flesh":2,"minecraft:diamond":9,"knightquest:small_essence":2,"tombstone:bag_of_seeds":1,"orcz:orceye":1,"minecraft:snowball":16,"minecraft:cobblestone":15},"minecraft:killed":{"minecraft:cave_spider":2,"minecraft:zombie":4,"minecraft:pig":4,"orcz:bigorcboss":1,"orcz:orcsavage_2sword":1,"born_in_chaos_v1:skeleton_thrasher_not_despawn":1,"born_in_chaos_v1:decrepit_skeleton":3}},"DataVersion":3465}