{"stats":{"minecraft:killed":{"minecraft:vex":1,"minecraft:cave_spider":9,"minecraft:spider":13,"alexsmobs:seagull":1,"born_in_chaos_v1:skeleton_thrasher_not_despawn":1,"born_in_chaos_v1:baby_skeleton_minion":6,"born_in_chaos_v1:maggot":4,"minecraft:skeleton":2,"minecraft:chicken":4,"orcz:orcsavagemace":2,"born_in_chaos_v1:supreme_bonescaller_stage_2":1,"minecraft:husk":3,"orcz:weirdboinecro":1,"minecraft:pig":5,"spore:inf_player":4,"spore:inf_wanderer":1,"born_in_chaos_v1:bone_imp_minion":7,"orcz:goblinsavagemace":1,"undead_revamp2:the_moonflower":1,"minecraft:frog":2,"spore:inf_pillager":1,"minecraft:sheep":13,"spore:inf_villager":2,"minecraft:zombie":6,"spore:inf_human":3,"born_in_chaos_v1:bonescaller_not_despawn":2,"orcz:bigorcboss":3,"minecraft:stray":13,"alexsmobs:fly":1,"orcz:goblin_2sword":1,"orcz:orcsavage_2sword":4,"orcz:snot":10,"orcz:orcshield":3},"minecraft:killed_by":{"minecraft:stray":5,"spore:inf_human":1,"spore:inf_wanderer":4,"minecraft:cave_spider":3,"minecraft:zombie":1,"born_in_chaos_v1:skeleton_thrasher_not_despawn":1,"born_in_chaos_v1:supreme_bonescaller_stage_2":1,"born_in_chaos_v1:maggot":1,"minecraft:vex":1},"minecraft:crafted":{"minecraft:oak_planks":40,"travelersbackpack:crafting_upgrade":2,"minecraft:furnace":1,"travelersbackpack:diamond":2,"minecraft:white_carpet":3,"travelersbackpack:blank_upgrade":4,"minecraft:cooked_mutton":13,"minecraft:glass":43,"travelersbackpack:white_sleeping_bag":2,"minecraft:iron_boots":1,"minecraft:leather":18,"minecraft:stone_pickaxe":1,"minecraft:chest":12,"minecraft:dark_oak_planks":116,"travelersbackpack:diamond_tier_upgrade":1,"minecraft:wheat":315,"minecraft:diamond_sword":1,"minecraft:cooked_porkchop":10,"minecraft:crafting_table":3,"travelersbackpack:backpack_tank":6,"minecraft:iron_helmet":1,"minecraft:wooden_pickaxe":1,"travelersbackpack:standard":2,"minecraft:iron_sword":1,"minecraft:smithing_table":1,"minecraft:bucket":2,"minecraft:birch_planks":16,"minecraft:stone_axe":1,"minecraft:bread":105,"minecraft:iron_chestplate":1,"minecraft:diamond_pickaxe":1,"minecraft:stick":12,"minecraft:iron_ingot":18,"minecraft:stone_sword":1,"minecraft:iron_leggings":1,"minecraft:iron_shovel":1},"minecraft:dropped":{"minecraft:iron_sword":3,"minecraft:diamond":20,"minecraft:leather":3,"orcz:orcagaric":1,"travelersbackpack:standard":1,"minecraft:stick":3,"minecraft:dark_oak_log":27,"minecraft:potion":1,"minecraft:chain":2,"minecraft:sand":15,"minecraft:furnace":1,"minecraft:stone_axe":1,"minecraft:cocoa_beans":6,"born_in_chaos_v1:smoked_flesh":6,"spore:mutated_fiber":2,"minecraft:cooked_mutton":1,"travelersbackpack:diamond_tier_upgrade":1,"minecraft:diamond_sword":1,"minecraft:diamond_pickaxe":1,"travelersbackpack:crafting_upgrade":1,"minecraft:oak_sapling":1,"minecraft:wooden_pickaxe":1},"minecraft:picked_up":{"minecraft:cocoa_beans":6,"minecraft:crafting_table":2,"spore:mutated_heart":2,"minecraft:chicken":5,"born_in_chaos_v1:river_mint":1,"minecraft:flower_pot":1,"minecraft:wooden_pickaxe":1,"minecraft:oak_stairs":3,"minecraft:enchanted_book":1,"minecraft:potion":5,"minecraft:chain":3,"minecraft:cornflower":1,"minecraft:string":21,"minecraft:white_carpet":2,"minecraft:cracked_stone_bricks":1,"minecraft:spruce_slab":3,"minecraft:chest":11,"minecraft:furnace":2,"minecraft:egg":4,"minecraft:tipped_arrow":5,"minecraft:stick":10,"orcz:orcskull":3,"born_in_chaos_v1:shattered_skull":1,"minecraft:oak_fence":2,"minecraft:green_bed":2,"beautify:lamp_candelabra":1,"minecraft:porkchop":11,"orcz:orchorn":2,"orcz:squigs_claws":2,"tombstone:grave_dust":10,"minecraft:diorite":2,"minecraft:carrot":23,"born_in_chaos_v1:pieceofdarkmetal":2,"minecraft:dark_oak_planks":36,"minecraft:arrow":7,"minecraft:rotten_flesh":14,"minecraft:hay_block":35,"minecraft:iron_block":2,"minecraft:mutton":21,"minecraft:white_wool":11,"minecraft:cobblestone":35,"minecraft:birch_log":4,"born_in_chaos_v1:staffof_magic_arrows":2,"born_in_chaos_v1:corpse_maggot":1,"minecraft:feather":4,"orcz:orcteeth":86,"born_in_chaos_v1:spiritual_dust":10,"minecraft:birch_planks":2,"minecraft:oak_log":12,"minecraft:dirt":6,"minecraft:cooked_mutton":1,"minecraft:bone":19,"minecraft:stone_bricks":1,"born_in_chaos_v1:skullbreaker_hammer":1,"minecraft:iron_ingot":21,"minecraft:dark_oak_sign":2,"spore:mutated_fiber":9,"minecraft:oak_planks":101,"minecraft:iron_sword":3,"minecraft:pitcher_pod":6,"travelersbackpack:blank_upgrade":1,"spore:cerebrum":1,"minecraft:dark_oak_slab":1,"born_in_chaos_v1:orbofthe_summoner":2,"orcz:orcagaric":1,"minecraft:oak_pressure_plate":2,"minecraft:sand":79,"orcz:blue_orcshroom":4,"minecraft:dark_oak_log":56,"minecraft:spider_eye":2,"travelersbackpack:standard":1,"minecraft:polished_andesite":1,"minecraft:pumpkin_seeds":1,"minecraft:diamond":12,"minecraft:stone_axe":1,"knightquest:small_essence":41,"minecraft:golden_apple":1,"minecraft:gray_wool":4,"orcz:ironscrap":2,"minecraft:oak_sapling":3,"minecraft:black_wool":2},"minecraft:used":{"minecraft:stone_sword":93,"minecraft:iron_shovel":89,"minecraft:spruce_slab":2,"minecraft:chest":10,"minecraft:iron_sword":104,"travelersbackpack:diamond":27,"minecraft:dirt":3,"minecraft:white_carpet":4,"minecraft:glass":7,"minecraft:dark_oak_planks":4,"minecraft:stone_bricks":1,"minecraft:furnace":2,"tombstone:gift":6,"minecraft:egg":1,"orcz:orcskull":3,"minecraft:diorite":2,"minecraft:birch_planks":1,"minecraft:polished_andesite":1,"minecraft:stone_pickaxe":10,"minecraft:oak_planks":11,"minecraft:wooden_pickaxe":30,"minecraft:green_bed":1,"minecraft:cracked_stone_bricks":1,"minecraft:white_wool":1,"minecraft:crafting_table":3,"born_in_chaos_v1:skullbreaker_hammer":130,"minecraft:oak_log":2,"tombstone:bag_of_seeds":2,"minecraft:bread":51,"minecraft:iron_pickaxe":44,"minecraft:stone_axe":59,"minecraft:diamond_sword":143,"minecraft:cobblestone":17,"travelersbackpack:standard":2,"minecraft:cooked_porkchop":3,"minecraft:smithing_table":1,"minecraft:bucket":3,"minecraft:experience_bottle":4},"minecraft:mined":{"minecraft:dark_oak_planks":2,"minecraft:light_gray_stained_glass_pane":2,"minecraft:dark_oak_log":29,"born_in_chaos_v1:dark_metal_deposit":2,"minecraft:grass_block":3,"minecraft:oak_pressure_plate":2,"minecraft:mangrove_trapdoor":1,"minecraft:spawner":11,"minecraft:hay_block":35,"minecraft:furnace":1,"minecraft:oak_stairs":3,"minecraft:potted_cornflower":1,"minecraft:stone":36,"minecraft:iron_block":2,"minecraft:white_wool":1,"minecraft:spruce_slab":3,"minecraft:green_bed":2,"orcz:orcskull":1,"minecraft:powder_snow":5,"travelersbackpack:standard":1,"minecraft:oak_fence":2,"minecraft:crafting_table":2,"minecraft:chest":11,"born_in_chaos_v1:black_argillite_brick_n":1,"minecraft:glass":1,"beautify:lamp_candelabra":1,"minecraft:diorite":2,"minecraft:gray_wool":2,"minecraft:cyan_wool":1,"minecraft:chain":3,"minecraft:birch_planks":1,"minecraft:dark_oak_slab":1,"minecraft:birch_log":5,"minecraft:white_carpet":2,"minecraft:birch_leaves":5,"born_in_chaos_v1:river_mint":1,"minecraft:grass":5,"minecraft:oak_log":12,"minecraft:sand":88,"minecraft:dirt":3,"minecraft:cobweb":3,"minecraft:cracked_stone_bricks":2,"minecraft:stone_bricks":1,"minecraft:polished_andesite":2,"minecraft:oak_leaves":32},"minecraft:custom":{"minecraft:interact_with_smithing_table":12,"minecraft:mob_kills":132,"minecraft:interact_with_crafting_table":132,"minecraft:open_barrel":15,"minecraft:bell_ring":2,"minecraft:damage_dealt_resisted":3084,"minecraft:leave_game":10,"minecraft:time_since_death":87393,"minecraft:climb_one_cm":3604,"minecraft:sprint_one_cm":653072,"minecraft:walk_one_cm":539068,"minecraft:drop":26,"minecraft:talked_to_villager":2,"minecraft:play_time":258333,"minecraft:deaths":19,"minecraft:sneak_time":7675,"minecraft:walk_under_water_one_cm":3225,"minecraft:interact_with_brewingstand":1,"minecraft:jump":4204,"minecraft:interact_with_blast_furnace":2,"minecraft:walk_on_water_one_cm":14422,"minecraft:total_world_time":258333,"minecraft:interact_with_furnace":57,"minecraft:sleep_in_bed":20,"minecraft:time_since_rest":7929,"minecraft:damage_taken":6757,"minecraft:damage_dealt":22421,"minecraft:fly_one_cm":904619,"minecraft:swim_one_cm":42421,"minecraft:open_chest":206,"minecraft:crouch_one_cm":13402,"tombstone:undead_killed":42,"minecraft:fall_one_cm":96960}},"DataVersion":3465}