{"stats":{"minecraft:killed":{"minecraft:vex":1,"minecraft:cave_spider":9,"minecraft:spider":13,"alexsmobs:seagull":1,"born_in_chaos_v1:skeleton_thrasher_not_despawn":1,"born_in_chaos_v1:baby_skeleton_minion":6,"born_in_chaos_v1:maggot":4,"minecraft:chicken":4,"born_in_chaos_v1:supreme_bonescaller_stage_2":1,"minecraft:pig":5,"spore:inf_player":3,"spore:inf_wanderer":1,"born_in_chaos_v1:bone_imp_minion":7,"undead_revamp2:the_moonflower":1,"spore:inf_pillager":1,"minecraft:sheep":12,"spore:inf_villager":2,"minecraft:zombie":5,"spore:inf_human":3,"born_in_chaos_v1:bonescaller_not_despawn":2,"minecraft:stray":13,"alexsmobs:fly":1,"orcz:snot":1},"minecraft:killed_by":{"minecraft:stray":5,"spore:inf_wanderer":4,"minecraft:cave_spider":3,"minecraft:zombie":1,"born_in_chaos_v1:skeleton_thrasher_not_despawn":1,"born_in_chaos_v1:supreme_bonescaller_stage_2":1,"born_in_chaos_v1:maggot":1,"minecraft:vex":1},"minecraft:crafted":{"minecraft:oak_planks":32,"minecraft:furnace":1,"travelersbackpack:diamond":1,"minecraft:white_carpet":3,"travelersbackpack:blank_upgrade":4,"minecraft:cooked_mutton":13,"minecraft:glass":43,"travelersbackpack:white_sleeping_bag":2,"minecraft:iron_boots":1,"minecraft:leather":18,"minecraft:stone_pickaxe":1,"minecraft:chest":7,"minecraft:dark_oak_planks":116,"minecraft:wheat":315,"minecraft:diamond_sword":1,"minecraft:cooked_porkchop":10,"minecraft:crafting_table":2,"travelersbackpack:backpack_tank":6,"minecraft:iron_helmet":1,"minecraft:wooden_pickaxe":1,"travelersbackpack:standard":2,"minecraft:iron_sword":1,"minecraft:bucket":2,"minecraft:birch_planks":16,"minecraft:stone_axe":1,"minecraft:bread":105,"minecraft:iron_chestplate":1,"minecraft:stick":12,"minecraft:iron_ingot":18,"minecraft:stone_sword":1,"minecraft:iron_leggings":1,"minecraft:iron_shovel":1},"minecraft:dropped":{"minecraft:iron_sword":3,"travelersbackpack:standard":1,"minecraft:dark_oak_log":27,"minecraft:potion":1,"minecraft:chain":2,"minecraft:sand":15,"minecraft:furnace":1,"minecraft:stone_axe":1,"minecraft:cocoa_beans":6,"born_in_chaos_v1:smoked_flesh":6,"spore:mutated_fiber":2,"minecraft:cooked_mutton":1,"minecraft:diamond_sword":1,"minecraft:oak_sapling":1,"minecraft:wooden_pickaxe":1},"minecraft:picked_up":{"minecraft:cocoa_beans":6,"minecraft:crafting_table":2,"minecraft:chicken":4,"born_in_chaos_v1:river_mint":1,"minecraft:flower_pot":1,"minecraft:oak_stairs":3,"minecraft:enchanted_book":1,"minecraft:chain":3,"minecraft:cornflower":1,"minecraft:string":21,"minecraft:white_carpet":2,"minecraft:spruce_slab":3,"minecraft:chest":1,"minecraft:furnace":2,"minecraft:egg":3,"minecraft:tipped_arrow":5,"born_in_chaos_v1:shattered_skull":1,"minecraft:oak_fence":2,"minecraft:green_bed":2,"minecraft:porkchop":11,"orcz:orchorn":1,"tombstone:grave_dust":4,"minecraft:diorite":2,"born_in_chaos_v1:pieceofdarkmetal":2,"minecraft:dark_oak_planks":2,"minecraft:arrow":7,"minecraft:rotten_flesh":6,"minecraft:hay_block":35,"minecraft:iron_block":2,"minecraft:mutton":17,"minecraft:white_wool":11,"minecraft:cobblestone":33,"minecraft:birch_log":4,"born_in_chaos_v1:staffof_magic_arrows":2,"born_in_chaos_v1:corpse_maggot":1,"minecraft:feather":4,"orcz:orcteeth":12,"born_in_chaos_v1:spiritual_dust":5,"minecraft:birch_planks":2,"minecraft:oak_log":10,"minecraft:dirt":6,"minecraft:cooked_mutton":1,"minecraft:bone":17,"born_in_chaos_v1:skullbreaker_hammer":1,"minecraft:iron_ingot":21,"spore:mutated_fiber":9,"minecraft:pitcher_pod":3,"minecraft:iron_sword":3,"minecraft:dark_oak_slab":1,"spore:cerebrum":1,"born_in_chaos_v1:orbofthe_summoner":1,"minecraft:oak_pressure_plate":2,"minecraft:sand":79,"minecraft:dark_oak_log":56,"minecraft:spider_eye":2,"travelersbackpack:standard":1,"minecraft:pumpkin_seeds":1,"minecraft:diamond":8,"minecraft:stone_axe":1,"knightquest:small_essence":18,"minecraft:gray_wool":2,"minecraft:oak_sapling":2,"minecraft:black_wool":2},"minecraft:used":{"minecraft:stone_sword":93,"minecraft:iron_shovel":89,"minecraft:spruce_slab":2,"minecraft:chest":5,"minecraft:iron_sword":36,"travelersbackpack:diamond":4,"minecraft:dirt":3,"minecraft:white_carpet":4,"minecraft:glass":7,"minecraft:dark_oak_planks":4,"minecraft:furnace":2,"tombstone:gift":6,"minecraft:diorite":2,"minecraft:birch_planks":1,"minecraft:stone_pickaxe":10,"minecraft:wooden_pickaxe":30,"minecraft:green_bed":1,"minecraft:white_wool":1,"minecraft:crafting_table":3,"born_in_chaos_v1:skullbreaker_hammer":73,"minecraft:oak_log":2,"tombstone:bag_of_seeds":2,"minecraft:bread":25,"minecraft:iron_pickaxe":17,"minecraft:stone_axe":59,"minecraft:diamond_sword":143,"minecraft:cobblestone":9,"travelersbackpack:standard":2,"minecraft:cooked_porkchop":3,"minecraft:bucket":3},"minecraft:mined":{"minecraft:dark_oak_planks":2,"minecraft:dark_oak_log":29,"born_in_chaos_v1:dark_metal_deposit":2,"minecraft:grass_block":3,"minecraft:oak_pressure_plate":2,"minecraft:spawner":8,"minecraft:hay_block":35,"minecraft:furnace":1,"minecraft:oak_stairs":3,"minecraft:potted_cornflower":1,"minecraft:stone":33,"minecraft:iron_block":2,"minecraft:white_wool":1,"minecraft:spruce_slab":3,"minecraft:green_bed":2,"minecraft:powder_snow":5,"travelersbackpack:standard":1,"minecraft:oak_fence":2,"minecraft:crafting_table":2,"minecraft:chest":1,"born_in_chaos_v1:black_argillite_brick_n":1,"minecraft:glass":1,"minecraft:diorite":2,"minecraft:birch_planks":1,"minecraft:chain":3,"minecraft:dark_oak_slab":1,"minecraft:birch_log":5,"minecraft:white_carpet":2,"minecraft:birch_leaves":5,"born_in_chaos_v1:river_mint":1,"minecraft:grass":4,"minecraft:oak_log":10,"minecraft:sand":88,"minecraft:dirt":3,"minecraft:cobweb":3,"minecraft:oak_leaves":32},"minecraft:custom":{"minecraft:mob_kills":98,"minecraft:interact_with_crafting_table":83,"minecraft:open_barrel":11,"minecraft:bell_ring":1,"minecraft:damage_dealt_resisted":2876,"minecraft:leave_game":5,"minecraft:time_since_death":101220,"minecraft:sprint_one_cm":350074,"minecraft:walk_one_cm":331665,"minecraft:drop":19,"minecraft:talked_to_villager":2,"minecraft:play_time":154392,"minecraft:deaths":17,"minecraft:sneak_time":4576,"minecraft:walk_under_water_one_cm":2297,"minecraft:interact_with_brewingstand":1,"minecraft:jump":2321,"minecraft:walk_on_water_one_cm":8651,"minecraft:total_world_time":154392,"minecraft:interact_with_furnace":50,"minecraft:sleep_in_bed":11,"minecraft:time_since_rest":8512,"minecraft:damage_taken":5615,"minecraft:damage_dealt":15309,"minecraft:fly_one_cm":447310,"minecraft:swim_one_cm":33926,"minecraft:open_chest":98,"minecraft:crouch_one_cm":8272,"tombstone:undead_killed":36,"minecraft:fall_one_cm":50356}},"DataVersion":3465}