{"stats":{"minecraft:mined":{"minecraft:dark_oak_planks":33,"minecraft:waxed_cut_copper_slab":20,"minecraft:large_amethyst_bud":1,"minecraft:spruce_planks":3,"minecraft:cobbled_deepslate_stairs":4,"alexsmobs:leafcutter_anthill":1,"minecraft:red_nether_bricks":1,"minecraft:potted_crimson_fungus":1,"minecraft:obsidian":18,"minecraft:spruce_trapdoor":7,"minecraft:grass_block":19,"born_in_chaos_v1:dark_metal_deposit":2,"minecraft:oak_pressure_plate":2,"minecraft:coal_block":4,"tacz:gun_smith_table":1,"minecraft:oxeye_daisy":8,"minecraft:chiseled_stone_bricks":5,"minecraft:spawner":62,"minecraft:glowstone":19,"minecraft:mossy_cobblestone_stairs":1,"minecraft:dark_oak_trapdoor":127,"minecraft:barrel":9,"minecraft:fire":3,"minecraft:stripped_dark_oak_wood":5,"minecraft:azure_bluet":8,"minecraft:dark_oak_stairs":108,"minecraft:sculk_shrieker":1,"minecraft:oak_stairs":3,"minecraft:iron_bars":13,"minecraft:potted_cornflower":2,"minecraft:stripped_mangrove_wood":46,"minecraft:iron_block":2,"minecraft:player_head":2,"minecraft:spruce_slab":16,"minecraft:green_bed":4,"minecraft:waxed_cut_copper_stairs":29,"minecraft:waxed_cut_copper":4,"minecraft:quartz_block":1,"minecraft:red_bed":7,"minecraft:exposed_copper":1,"minecraft:polished_deepslate_stairs":4,"minecraft:amethyst_cluster":1,"minecraft:powder_snow":5,"minecraft:note_block":3,"faded_conquest_2:skull_pile":4,"minecraft:torch":7,"minecraft:poppy":12,"minecraft:blast_furnace":9,"minecraft:calcite":500,"minecraft:chest":52,"minecraft:white_stained_glass_pane":2,"minecraft:spruce_wall_sign":2,"minecraft:glass":1,"minecraft:smooth_quartz_slab":3,"minecraft:nether_quartz_ore":11,"minecraft:cobblestone":22,"minecraft:oak_planks":143,"minecraft:cyan_bed":5,"minecraft:grindstone":1,"beautify:lamp_candelabra":1,"orcz:orc_wood_slab":1,"minecraft:wall_torch":19,"minecraft:pink_petals":2,"minecraft:cyan_wool":1,"minecraft:chain":5,"minecraft:light_gray_candle":1,"minecraft:dark_oak_slab":1,"minecraft:birch_log":143,"minecraft:wheat":37,"minecraft:birch_trapdoor":59,"minecraft:waxed_copper_block":41,"minecraft:birch_door":33,"born_in_chaos_v1:river_mint":2,"minecraft:grass":66,"minecraft:oak_log":143,"minecraft:acacia_fence":4,"minecraft:sand":88,"minecraft:dirt":248,"minecraft:tripwire_hook":1,"minecraft:netherrack":10,"minecraft:polished_deepslate_wall":7,"minecraft:oak_leaves":39,"minecraft:cyan_candle":13,"minecraft:deepslate":1,"minecraft:gray_candle":1,"minecraft:dark_prismarine":33,"minecraft:red_carpet":1,"minecraft:light_gray_stained_glass_pane":2,"minecraft:mossy_cobblestone":9,"minecraft:dark_oak_leaves":5,"minecraft:dark_oak_log":39,"minecraft:potted_flowering_azalea_bush":1,"minecraft:mangrove_wall_sign":4,"minecraft:nether_bricks":4,"minecraft:ladder":1,"minecraft:dark_oak_fence":5,"call_of_yucutan:overgrown_chest":4,"minecraft:weathered_copper":1,"minecraft:spruce_fence":1,"minecraft:decorated_pot":1,"seadwellers:aquamarine_crystal":1,"alexsmobs:leafcutter_ant_chamber":1,"minecraft:soul_campfire":1,"minecraft:mangrove_trapdoor":1,"minecraft:spruce_leaves":2,"minecraft:cartography_table":3,"minecraft:hay_block":69,"steam_powered:zinc_ore":3,"minecraft:furnace":1,"minecraft:polished_deepslate":27,"minecraft:mossy_stone_brick_stairs":2,"minecraft:bookshelf":28,"minecraft:vine":16,"call_of_yucutan:mossy_limestone_tiles":1,"minecraft:smooth_quartz_stairs":56,"minecraft:stone":758,"minecraft:white_wool":1,"minecraft:smithing_table":1,"minecraft:light_gray_carpet":1,"minecraft:mangrove_stairs":13,"minecraft:redstone_block":4,"minecraft:glass_pane":2,"born_in_chaos_v1:marigolds":1,"minecraft:red_wool":50,"minecraft:brown_carpet":2,"minecraft:dandelion":41,"orcz:orcskull":1,"minecraft:spruce_door":3,"travelersbackpack:standard":12,"minecraft:oak_fence":2,"minecraft:cornflower":11,"minecraft:crafting_table":4,"born_in_chaos_v1:black_argillite_brick_n":1,"minecraft:lectern":1,"minecraft:campfire":5,"minecraft:potted_oxeye_daisy":1,"minecraft:copper_ore":26,"minecraft:tall_grass":1,"minecraft:diorite":46,"minecraft:spruce_stairs":28,"minecraft:birch_planks":98,"minecraft:gray_wool":2,"minecraft:lime_bed":1,"minecraft:red_terracotta":3,"minecraft:dark_oak_wall_sign":4,"minecraft:beehive":5,"minecraft:redstone_torch":1,"minecraft:white_carpet":6,"minecraft:birch_leaves":8,"minecraft:yellow_bed":10,"call_of_yucutan:solar_projector":1,"minecraft:mangrove_slab":13,"minecraft:coal_ore":2,"minecraft:cyan_carpet":25,"minecraft:gravel":49,"minecraft:gray_carpet":10,"elevatorid:elevator_red":1,"minecraft:cobweb":7,"minecraft:cracked_stone_bricks":4,"minecraft:stone_bricks":5,"minecraft:polished_andesite":3,"minecraft:mossy_stone_bricks":4,"minecraft:iron_trapdoor":1},"minecraft:custom":{"minecraft:interact_with_crafting_table":140,"minecraft:open_barrel":64,"minecraft:bell_ring":2,"minecraft:eat_cake_slice":47,"minecraft:leave_game":22,"minecraft:time_since_death":19385,"minecraft:sprint_one_cm":2345954,"minecraft:damage_blocked_by_shield":757,"minecraft:drop":120,"minecraft:play_noteblock":3,"minecraft:talked_to_villager":8,"minecraft:play_time":863525,"minecraft:deaths":34,"minecraft:jump":14165,"minecraft:interact_with_brewingstand":1,"minecraft:walk_on_water_one_cm":71988,"minecraft:interact_with_furnace":63,"minecraft:traded_with_villager":1,"minecraft:sleep_in_bed":47,"minecraft:damage_dealt":59557,"minecraft:crouch_one_cm":93025,"tombstone:undead_killed":123,"tombstone:villager_killed":1,"minecraft:interact_with_smithing_table":12,"minecraft:mob_kills":327,"minecraft:damage_dealt_resisted":5889,"minecraft:climb_one_cm":19132,"minecraft:walk_one_cm":2137562,"minecraft:damage_dealt_absorbed":144,"minecraft:sneak_time":37169,"minecraft:walk_under_water_one_cm":17183,"minecraft:interact_with_lectern":1,"minecraft:interact_with_blast_furnace":6,"minecraft:total_world_time":863525,"tombstone:raider_killed":4,"minecraft:time_since_rest":11983,"minecraft:damage_taken":17516,"minecraft:swim_one_cm":182636,"minecraft:fly_one_cm":2849061,"minecraft:open_chest":514,"minecraft:fall_one_cm":305685},"minecraft:killed":{"minecraft:cave_spider":17,"mythicmounts:dragon":1,"minecraft:spider":19,"faded_conquest_2:toxicrow":2,"born_in_chaos_v1:baby_skeleton_minion":7,"minecraft:skeleton":32,"minecraft:chicken":6,"born_in_chaos_v1:supreme_bonescaller_stage_2":1,"born_in_chaos_v1:firelight_not_despawn":2,"orcz:weirdboinecro":1,"minecraft:pig":7,"spore:inf_player":13,"spore:inf_wanderer":1,"orcz:goblinsavagemace":1,"spore:inf_evoker":3,"minecraft:creeper":3,"minecraft:sheep":16,"spore:inf_villager":10,"call_of_yucutan:undead_warrior":1,"minecraft:pillager":4,"minecraft:zombie":28,"spore:inf_human":17,"orcz:bigorcboss":4,"minecraft:stray":18,"alexsmobs:fly":1,"knightquest:gremlin":1,"orcz:orcsavage_2sword":6,"orcz:snot":19,"orcz:orcshield":8,"minecraft:vex":1,"undead_revamp2:thehunter":1,"alexsmobs:seagull":1,"born_in_chaos_v1:skeleton_thrasher_not_despawn":2,"spore:inf_vindicator":3,"born_in_chaos_v1:maggot":10,"faded_conquest_2:doomharbor_lich":1,"alexsmobs:bison":1,"orcz:orcsavagemace":5,"farlanders:wanderer":1,"minecraft:husk":12,"born_in_chaos_v1:bone_imp_minion":11,"undead_revamp2:the_moonflower":1,"minecraft:frog":2,"spore:inf_pillager":9,"born_in_chaos_v1:bloody_gadfly":1,"born_in_chaos_v1:bonescaller_not_despawn":2,"spore:inf_witch":2,"spore:claw":5,"orcz:goblin_2sword":1,"minecraft:wither_skeleton":4,"minecraft:enderman":1},"minecraft:dropped":{"minecraft:iron_sword":3,"spore:spine_fragment":1,"minecraft:oak_pressure_plate":2,"minecraft:oak_log":36,"minecraft:diamond":21,"minecraft:leather":3,"beautify:lamp_candelabra":4,"travelersbackpack:standard":1,"minecraft:dark_oak_log":27,"minecraft:dirt":64,"minecraft:red_bed":1,"minecraft:cornflower":9,"minecraft:dark_oak_trapdoor":119,"minecraft:chain":2,"minecraft:sand":15,"minecraft:dark_oak_planks":30,"minecraft:armor_stand":3,"minecraft:waxed_cut_copper_slab":18,"minecraft:stone_axe":1,"born_in_chaos_v1:smoked_flesh":6,"minecraft:oak_planks":3,"minecraft:diamond_shovel":1,"minecraft:cooked_mutton":1,"divine_weaponry:diamond_glaive":3,"minecraft:carrot":16,"minecraft:poppy":11,"faded_conquest_2:keyof_pestilence":1,"minecraft:beef":22,"born_in_chaos_v1:marigolds":1,"alexsmobs:sombrero":1,"born_in_chaos_v1:skullbreaker_hammer":4,"minecraft:egg":3,"minecraft:bread":5,"minecraft:iron_ingot":1,"minecraft:enchanted_book":3,"minecraft:wheat_seeds":1,"minecraft:golden_horse_armor":1,"minecraft:oak_fence":2,"orcz:orcagaric":1,"tacz:gun_smith_table":2,"minecraft:stick":9,"minecraft:oxeye_daisy":8,"tombstone:magic_scroll":2,"minecraft:torch":1,"minecraft:diamond_helmet":1,"tombstone:grave_dust":1,"minecraft:potion":2,"tacz:modern_kinetic_gun":1,"minecraft:cyan_candle":15,"minecraft:pink_petals":4,"tombstone:voodoo_poppet":1,"minecraft:gray_carpet":5,"minecraft:dandelion":41,"minecraft:furnace":5,"minecraft:weathered_copper":1,"minecraft:wild_armor_trim_smithing_template":2,"minecraft:cocoa_beans":6,"useless_sword:ravager_sword":1,"spore:mutated_fiber":48,"travelersbackpack:diamond_tier_upgrade":1,"minecraft:diamond_sword":3,"minecraft:shield":1,"orcz:orcteeth":82,"minecraft:diamond_pickaxe":1,"minecraft:iron_chestplate":1,"travelersbackpack:crafting_upgrade":1,"minecraft:yellow_bed":1,"orcz:squigs_claws":2,"minecraft:oak_sapling":8,"minecraft:redstone_torch":1,"minecraft:wooden_pickaxe":1},"minecraft:broken":{"minecraft:iron_boots":2,"minecraft:iron_chestplate":1,"minecraft:iron_leggings":1,"minecraft:stone_axe":1,"minecraft:chainmail_leggings":1,"minecraft:iron_helmet":1},"minecraft:killed_by":{"spore:claw":1,"minecraft:pillager":1,"spore:inf_human":1,"spore:inf_evoker":1,"spore:inf_player":4,"minecraft:cave_spider":4,"minecraft:zombie":1,"born_in_chaos_v1:supreme_bonescaller_stage_2":1,"minecraft:vex":1,"minecraft:stray":5,"spore:inf_vindicator":7,"spore:inf_wanderer":4,"born_in_chaos_v1:skeleton_thrasher_not_despawn":1,"born_in_chaos_v1:maggot":1},"minecraft:crafted":{"minecraft:oak_planks":156,"travelersbackpack:crafting_upgrade":2,"alexsmobs:sombrero":1,"minecraft:stone":3,"minecraft:diamond_shovel":1,"travelersbackpack:diamond":2,"divine_weaponry:diamond_scythe":1,"minecraft:cooked_mutton":13,"minecraft:glass":43,"minecraft:diamond_helmet":1,"minecraft:diamond_leggings":1,"minecraft:iron_boots":1,"toms_storage:ts.storage_terminal":1,"minecraft:comparator":3,"minecraft:chest":102,"toms_storage:ts.crafting_terminal":1,"minecraft:cooked_porkchop":10,"minecraft:diamond_axe":1,"minecraft:crafting_table":7,"minecraft:wooden_pickaxe":1,"minecraft:iron_helmet":1,"travelersbackpack:standard":2,"minecraft:smithing_table":1,"minecraft:birch_planks":552,"minecraft:iron_chestplate":1,"minecraft:diamond_pickaxe":2,"minecraft:stick":28,"minecraft:iron_ingot":18,"minecraft:stone_sword":1,"minecraft:gold_ingot":9,"minecraft:redstone_torch":6,"minecraft:redstone":45,"minecraft:furnace":1,"minecraft:white_carpet":3,"travelersbackpack:blank_upgrade":4,"minecraft:flint_and_steel":1,"travelersbackpack:white_sleeping_bag":2,"minecraft:leather":18,"minecraft:stone_pickaxe":1,"minecraft:diamond_boots":1,"toms_storage:ts.inventory_connector":1,"minecraft:dark_oak_planks":144,"travelersbackpack:diamond_tier_upgrade":1,"minecraft:wheat":432,"minecraft:diamond_sword":1,"divine_weaponry:diamond_glaive":1,"travelersbackpack:backpack_tank":6,"minecraft:iron_sword":1,"elevatorid:elevator_red":5,"minecraft:bucket":2,"minecraft:stone_axe":1,"minecraft:glowstone":1,"minecraft:bread":160,"divine_weaponry:wooden_shuriken":2,"cozy_home:oak_plank":128,"minecraft:iron_leggings":1,"minecraft:iron_shovel":1,"minecraft:white_bed":1,"cozy_home:oak_chair":1,"minecraft:diamond_chestplate":1},"minecraft:picked_up":{"minecraft:iron_chestplate":1,"spore:mutated_heart":4,"minecraft:birch_door":30,"minecraft:wheat":39,"minecraft:redstone_block":3,"minecraft:iron_trapdoor":1,"minecraft:flower_pot":5,"minecraft:smithing_table":1,"minecraft:diamond_sword":2,"minecraft:oak_stairs":3,"minecraft:enchanted_book":6,"minecraft:potion":10,"seadwellers:aquamarine":1,"minecraft:polished_deepslate_wall":3,"minecraft:polished_deepslate":13,"elevatorid:elevator_red":1,"minecraft:string":36,"minecraft:dark_oak_trapdoor":175,"minecraft:waxed_cut_copper_slab":18,"minecraft:raw_copper":113,"alexsmobs:ancient_dart":1,"minecraft:armor_stand":5,"minecraft:sea_pickle":2,"minecraft:cobbled_deepslate":1,"bosses_of_mass_destruction:soul_star":1,"minecraft:spruce_planks":4,"steam_powered:raw_zinc":3,"minecraft:redstone_torch":5,"minecraft:calcite":934,"minecraft:coal_block":2,"minecraft:smooth_quartz_stairs":51,"minecraft:furnace":6,"minecraft:golden_helmet":1,"minecraft:tipped_arrow":6,"minecraft:beehive":5,"minecraft:stick":13,"orcz:orcskull":4,"born_in_chaos_v1:shattered_skull":2,"minecraft:acacia_fence":4,"minecraft:torch":100,"minecraft:spruce_stairs":22,"minecraft:birch_trapdoor":54,"minecraft:oak_fence":4,"minecraft:polished_deepslate_stairs":4,"minecraft:green_bed":5,"call_of_yucutan:red_limestone":2,"minecraft:porkchop":11,"orcz:squigs_claws":2,"tombstone:grave_dust":31,"minecraft:diorite":22,"minecraft:golden_chestplate":1,"minecraft:brown_carpet":8,"minecraft:waxed_cut_copper_stairs":39,"call_of_yucutan:reflector":1,"minecraft:mangrove_stairs":13,"minecraft:rotten_flesh":43,"faded_conquest_2:skull_pile":4,"orcz:orcshroom":4,"minecraft:iron_block":2,"useless_sword:pillager_dagger":1,"minecraft:waxed_cut_copper":4,"minecraft:deepslate_brick_stairs":1,"minecraft:obsidian":20,"minecraft:iron_bars":15,"minecraft:cobblestone":941,"minecraft:birch_log":138,"minecraft:pink_petals":4,"born_in_chaos_v1:staffof_magic_arrows":3,"minecraft:leather_chestplate":1,"minecraft:feather":5,"orcz:orcteeth":116,"born_in_chaos_v1:spiritual_dust":10,"minecraft:potato":5,"alexsmobs:bison_fur":2,"minecraft:flint":3,"orcz:orc_wood_slab":1,"divine_weaponry:diamond_glaive":2,"minecraft:dirt":309,"minecraft:mangrove_slab":15,"born_in_chaos_v1:marigolds":1,"faded_conquest_2:keyof_pestilence":1,"minecraft:name_tag":1,"minecraft:purple_carpet":3,"minecraft:glass":3,"minecraft:bone":50,"minecraft:bow":4,"minecraft:wheat_seeds":106,"call_of_yucutan:golden_torch":2,"born_in_chaos_v1:skullbreaker_hammer":4,"minecraft:grindstone":1,"minecraft:dark_oak_sign":13,"minecraft:glowstone_dust":49,"minecraft:mossy_stone_bricks":7,"minecraft:diamond_helmet":2,"minecraft:cyan_candle":50,"tacz:gun_smith_table":1,"minecraft:gray_candle":3,"minecraft:oak_planks":340,"minecraft:pitcher_pod":6,"minecraft:mossy_stone_brick_stairs":1,"spore:cerebrum":3,"spore:armor_fragment":15,"orcz:orcagaric":4,"minecraft:oak_pressure_plate":4,"orcz:blue_orcshroom":5,"minecraft:sand":83,"minecraft:fermented_spider_eye":1,"minecraft:cyan_bed":4,"minecraft:dark_oak_log":67,"minecraft:red_terracotta":3,"minecraft:barrel":13,"minecraft:mossy_cobblestone":4,"minecraft:dark_prismarine":31,"spore:claw_fragment":36,"call_of_yucutan:elder_bone":4,"minecraft:bundle":3,"minecraft:polished_andesite":1,"born_in_chaos_v1:fire_dust":1,"minecraft:diamond":40,"knightquest:small_essence":88,"minecraft:crossbow":1,"minecraft:golden_apple":12,"minecraft:spruce_sign":8,"minecraft:bread":29,"orcz:ironscrap":2,"minecraft:dark_oak_fence":4,"spore:spine_fragment":5,"minecraft:light_gray_carpet":2,"minecraft:oak_sapling":10,"minecraft:netherrack":23,"minecraft:cocoa_beans":6,"minecraft:charcoal":8,"minecraft:crafting_table":4,"minecraft:azure_bluet":7,"minecraft:chicken":6,"minecraft:ladder":4,"born_in_chaos_v1:river_mint":2,"minecraft:golden_pickaxe":1,"minecraft:leather_leggings":1,"minecraft:rabbit_stew":1,"minecraft:wooden_pickaxe":1,"minecraft:gold_block":4,"minecraft:chain":5,"minecraft:shield":4,"minecraft:cornflower":10,"minecraft:red_bed":8,"minecraft:item_frame":9,"tacz:ammo":480,"minecraft:white_carpet":6,"minecraft:cyan_carpet":12,"useless_sword:ravager_sword":1,"minecraft:cracked_stone_bricks":4,"minecraft:cartography_table":3,"minecraft:beef":30,"minecraft:player_head":1,"minecraft:poppy":11,"minecraft:spruce_slab":16,"minecraft:chest":178,"minecraft:birch_sapling":1,"minecraft:spruce_trapdoor":6,"minecraft:phantom_membrane":4,"minecraft:egg":8,"minecraft:stripped_mangrove_wood":44,"minecraft:copper_ingot":2,"minecraft:note_block":3,"beautify:lamp_candelabra":4,"minecraft:spruce_fence":1,"minecraft:cake":1,"orcz:orchorn":2,"minecraft:cookie":1,"minecraft:mangrove_sign":15,"born_in_chaos_v1:pieceofdarkmetal":26,"minecraft:carrot":52,"minecraft:dark_oak_planks":95,"minecraft:tnt":17,"minecraft:arrow":30,"minecraft:pumpkin_pie":6,"minecraft:nether_bricks":2,"minecraft:diamond_boots":1,"minecraft:shears":1,"minecraft:hay_block":69,"minecraft:stripped_dark_oak_wood":1,"minecraft:gold_ingot":67,"minecraft:black_banner":1,"minecraft:mutton":27,"minecraft:skeleton_skull":1,"minecraft:white_wool":14,"minecraft:oxeye_daisy":9,"born_in_chaos_v1:corpse_maggot":3,"minecraft:lime_bed":1,"minecraft:birch_planks":98,"minecraft:crimson_fungus":1,"minecraft:oak_log":212,"minecraft:chainmail_chestplate":1,"minecraft:waxed_copper_block":40,"minecraft:yellow_bed":10,"minecraft:gunpowder":54,"minecraft:cooked_mutton":2,"minecraft:red_carpet":3,"minecraft:apple":65,"minecraft:stone_bricks":23,"minecraft:gray_carpet":20,"minecraft:wild_armor_trim_smithing_template":1,"minecraft:iron_ingot":110,"minecraft:cooked_chicken":2,"spore:mutated_fiber":89,"minecraft:glass_bottle":4,"minecraft:iron_sword":4,"minecraft:flowering_azalea":1,"travelersbackpack:blank_upgrade":1,"minecraft:dark_oak_stairs":73,"minecraft:book":93,"minecraft:dark_oak_slab":1,"minecraft:chiseled_stone_bricks":5,"minecraft:dandelion":41,"minecraft:quartz":11,"born_in_chaos_v1:orbofthe_summoner":2,"minecraft:red_wool":106,"call_of_yucutan:solar_projector":1,"minecraft:weathered_copper":3,"minecraft:gravel":45,"minecraft:amethyst_shard":4,"minecraft:blast_furnace":7,"minecraft:spider_eye":5,"minecraft:leather_helmet":1,"travelersbackpack:standard":12,"minecraft:diamond_shovel":1,"minecraft:pumpkin_seeds":1,"tombstone:scroll_of_knowledge":1,"minecraft:stone_axe":2,"tacz:modern_kinetic_gun":2,"minecraft:chainmail_leggings":1,"minecraft:diamond_axe":2,"minecraft:gray_wool":4,"minecraft:mossy_cobblestone_stairs":1,"minecraft:baked_potato":1,"tombstone:magic_scroll":6,"minecraft:black_wool":2,"minecraft:coal":8,"minecraft:smooth_quartz_slab":2,"minecraft:ender_pearl":1},"minecraft:used":{"minecraft:iron_shovel":89,"minecraft:polished_deepslate":2,"minecraft:smooth_quartz_slab":2,"minecraft:spruce_slab":2,"minecraft:ladder":1,"minecraft:chest":261,"minecraft:shield":19,"minecraft:iron_sword":104,"travelersbackpack:diamond":41,"minecraft:nether_bricks":2,"minecraft:carrot":40,"minecraft:obsidian":16,"minecraft:glass":7,"minecraft:mangrove_stairs":1,"minecraft:stone_bricks":16,"minecraft:mangrove_slab":4,"minecraft:furnace":2,"minecraft:skeleton_skull":1,"minecraft:egg":1,"orcz:orcskull":3,"minecraft:mossy_stone_bricks":2,"minecraft:diorite":2,"divine_weaponry:diamond_scythe":120,"minecraft:stone_pickaxe":10,"toms_storage:ts.inventory_connector":1,"minecraft:oak_planks":221,"minecraft:wooden_pickaxe":30,"minecraft:redstone_block":1,"minecraft:diamond_axe":1040,"minecraft:cookie":1,"minecraft:white_wool":1,"minecraft:sand":1,"minecraft:bread":168,"minecraft:cyan_bed":4,"minecraft:gravel":25,"minecraft:diamond_sword":381,"useless_sword:ravager_sword":40,"minecraft:dark_oak_fence":2,"minecraft:smithing_table":1,"minecraft:experience_bottle":6,"faded_conquest_2:skull_pile":4,"minecraft:iron_bars":5,"minecraft:stone_sword":93,"minecraft:flint_and_steel":31,"call_of_yucutan:macuahuitl":18,"minecraft:spruce_planks":1,"minecraft:cooked_chicken":3,"minecraft:torch":36,"minecraft:dirt":4,"minecraft:white_carpet":4,"toms_storage:ts.crafting_terminal":1,"minecraft:chainmail_chestplate":1,"minecraft:birch_door":1,"minecraft:dark_oak_planks":43,"minecraft:iron_boots":1,"minecraft:barrel":10,"elevatorid:elevator_red":6,"tombstone:gift":6,"minecraft:cooked_beef":1,"minecraft:cobbled_deepslate":1,"minecraft:calcite":565,"minecraft:cooked_mutton":16,"minecraft:birch_planks":115,"minecraft:cyan_candle":3,"minecraft:polished_andesite":1,"useless_sword:pillager_dagger":4,"minecraft:green_bed":3,"minecraft:cracked_stone_bricks":3,"cozy_home:oak_chair":1,"minecraft:mossy_cobblestone":2,"minecraft:tnt":1,"minecraft:lime_bed":1,"minecraft:crafting_table":4,"minecraft:red_bed":7,"born_in_chaos_v1:skullbreaker_hammer":378,"minecraft:white_bed":1,"bosses_of_mass_destruction:soul_star":1,"minecraft:cake":3,"minecraft:oak_log":2,"tombstone:bag_of_seeds":2,"minecraft:diamond_pickaxe":1735,"minecraft:diamond_shovel":308,"minecraft:iron_pickaxe":107,"tombstone:magic_scroll":1,"minecraft:stone_axe":189,"minecraft:chiseled_stone_bricks":5,"travelersbackpack:standard":55,"minecraft:cobblestone":63,"minecraft:cooked_porkchop":7,"minecraft:bucket":3,"minecraft:yellow_bed":9,"minecraft:pumpkin_pie":1,"minecraft:splash_potion":2,"minecraft:chainmail_leggings":1}},"DataVersion":3465}