{"stats":{"minecraft:killed_by":{"minecraft:cave_spider":3,"minecraft:stray":5,"minecraft:zombie":1,"born_in_chaos_v1:skeleton_thrasher_not_despawn":1,"spore:inf_wanderer":4,"born_in_chaos_v1:maggot":1},"minecraft:custom":{"minecraft:interact_with_furnace":7,"minecraft:mob_kills":57,"minecraft:interact_with_crafting_table":8,"minecraft:open_barrel":1,"minecraft:damage_dealt_resisted":1876,"minecraft:leave_game":1,"minecraft:time_since_death":1545,"minecraft:sleep_in_bed":2,"minecraft:time_since_rest":1277,"minecraft:sprint_one_cm":164837,"minecraft:damage_taken":4435,"minecraft:walk_one_cm":151191,"minecraft:drop":4,"minecraft:damage_dealt":8703,"minecraft:talked_to_villager":2,"minecraft:swim_one_cm":17726,"minecraft:fly_one_cm":157763,"minecraft:open_chest":18,"minecraft:crouch_one_cm":3113,"minecraft:play_time":45384,"tombstone:undead_killed":18,"minecraft:deaths":15,"minecraft:sneak_time":2519,"minecraft:walk_under_water_one_cm":726,"minecraft:jump":864,"minecraft:walk_on_water_one_cm":6032,"minecraft:total_world_time":45384,"minecraft:fall_one_cm":15119},"minecraft:dropped":{"minecraft:furnace":1,"minecraft:stone_axe":1,"minecraft:oak_sapling":1,"minecraft:wooden_pickaxe":1},"minecraft:killed":{"minecraft:cave_spider":9,"minecraft:pig":5,"spore:inf_player":3,"spore:inf_wanderer":1,"minecraft:spider":6,"alexsmobs:seagull":1,"born_in_chaos_v1:skeleton_thrasher_not_despawn":1,"born_in_chaos_v1:maggot":4,"minecraft:sheep":7,"minecraft:zombie":5,"spore:inf_human":2,"minecraft:stray":12,"orcz:snot":1},"minecraft:picked_up":{"minecraft:birch_log":4,"born_in_chaos_v1:corpse_maggot":1,"minecraft:crafting_table":2,"orcz:orcteeth":12,"born_in_chaos_v1:river_mint":1,"minecraft:flower_pot":1,"minecraft:oak_stairs":3,"minecraft:birch_planks":2,"minecraft:oak_log":10,"minecraft:string":15,"minecraft:cornflower":1,"minecraft:dirt":3,"minecraft:bone":12,"born_in_chaos_v1:skullbreaker_hammer":1,"minecraft:iron_ingot":1,"spore:mutated_fiber":6,"minecraft:chest":1,"minecraft:furnace":2,"minecraft:egg":1,"minecraft:tipped_arrow":4,"spore:cerebrum":1,"minecraft:oak_fence":2,"minecraft:green_bed":1,"minecraft:oak_pressure_plate":2,"minecraft:porkchop":11,"orcz:orchorn":1,"tombstone:grave_dust":2,"minecraft:diorite":2,"minecraft:spider_eye":2,"minecraft:arrow":5,"minecraft:rotten_flesh":3,"minecraft:diamond":8,"minecraft:stone_axe":1,"minecraft:hay_block":35,"knightquest:small_essence":17,"minecraft:gray_wool":1,"minecraft:oak_sapling":2,"minecraft:mutton":11,"minecraft:white_wool":7,"minecraft:cobblestone":25},"minecraft:crafted":{"minecraft:oak_planks":32,"minecraft:diamond_sword":1,"minecraft:cooked_porkchop":5,"minecraft:crafting_table":1,"minecraft:wooden_pickaxe":1,"minecraft:furnace":1,"minecraft:birch_planks":16,"minecraft:stone_axe":1,"minecraft:bread":105,"minecraft:stick":8,"minecraft:stone_pickaxe":1,"minecraft:stone_sword":1,"minecraft:chest":4,"minecraft:wheat":315},"minecraft:mined":{"minecraft:oak_fence":2,"minecraft:crafting_table":2,"minecraft:grass_block":1,"minecraft:chest":1,"minecraft:oak_pressure_plate":2,"minecraft:diorite":2,"minecraft:spawner":7,"minecraft:hay_block":35,"minecraft:birch_planks":1,"minecraft:furnace":1,"minecraft:birch_log":5,"minecraft:birch_leaves":5,"born_in_chaos_v1:river_mint":1,"minecraft:grass":2,"minecraft:oak_log":10,"minecraft:oak_stairs":3,"minecraft:dirt":2,"minecraft:cobweb":3,"minecraft:potted_cornflower":1,"minecraft:stone":25,"minecraft:white_wool":1,"minecraft:oak_leaves":32,"minecraft:green_bed":1},"minecraft:used":{"minecraft:diorite":2,"minecraft:stone_sword":93,"minecraft:birch_planks":1,"minecraft:stone_pickaxe":10,"minecraft:chest":5,"minecraft:wooden_pickaxe":30,"minecraft:green_bed":1,"minecraft:white_wool":1,"minecraft:dirt":3,"minecraft:crafting_table":3,"born_in_chaos_v1:skullbreaker_hammer":31,"minecraft:oak_log":2,"minecraft:bread":3,"minecraft:stone_axe":23,"minecraft:diamond_sword":97,"minecraft:cobblestone":9,"minecraft:furnace":2,"minecraft:cooked_porkchop":3,"tombstone:gift":4}},"DataVersion":3465}