{"stats":{"minecraft:killed":{"minecraft:vex":1,"minecraft:cave_spider":11,"minecraft:spider":16,"faded_conquest_2:toxicrow":2,"alexsmobs:seagull":1,"born_in_chaos_v1:skeleton_thrasher_not_despawn":1,"spore:inf_vindicator":3,"born_in_chaos_v1:baby_skeleton_minion":7,"born_in_chaos_v1:maggot":4,"minecraft:skeleton":3,"minecraft:chicken":4,"faded_conquest_2:doomharbor_lich":1,"orcz:orcsavagemace":4,"born_in_chaos_v1:supreme_bonescaller_stage_2":1,"minecraft:husk":3,"orcz:weirdboinecro":1,"minecraft:pig":6,"spore:inf_player":13,"spore:inf_wanderer":1,"born_in_chaos_v1:bone_imp_minion":11,"orcz:goblinsavagemace":1,"spore:inf_evoker":3,"undead_revamp2:the_moonflower":1,"minecraft:frog":2,"spore:inf_pillager":1,"minecraft:sheep":16,"spore:inf_villager":2,"minecraft:zombie":8,"spore:inf_human":3,"orcz:bigorcboss":3,"born_in_chaos_v1:bonescaller_not_despawn":2,"minecraft:stray":15,"alexsmobs:fly":1,"spore:claw":5,"orcz:goblin_2sword":1,"orcz:orcsavage_2sword":4,"orcz:snot":13,"orcz:orcshield":4},"minecraft:killed_by":{"spore:claw":1,"minecraft:stray":5,"spore:inf_human":1,"spore:inf_vindicator":7,"spore:inf_wanderer":4,"spore:inf_evoker":1,"spore:inf_player":2,"minecraft:cave_spider":4,"minecraft:zombie":1,"born_in_chaos_v1:skeleton_thrasher_not_despawn":1,"born_in_chaos_v1:supreme_bonescaller_stage_2":1,"born_in_chaos_v1:maggot":1,"minecraft:vex":1},"minecraft:picked_up":{"minecraft:cocoa_beans":6,"minecraft:crafting_table":2,"spore:mutated_heart":3,"minecraft:chicken":5,"born_in_chaos_v1:river_mint":1,"minecraft:flower_pot":2,"minecraft:diamond_sword":1,"minecraft:wooden_pickaxe":1,"minecraft:oak_stairs":3,"minecraft:enchanted_book":1,"minecraft:potion":5,"minecraft:chain":5,"minecraft:cornflower":1,"minecraft:string":26,"minecraft:red_bed":1,"minecraft:white_carpet":2,"minecraft:cracked_stone_bricks":1,"minecraft:spruce_slab":3,"minecraft:chest":11,"minecraft:birch_sapling":1,"minecraft:furnace":2,"minecraft:egg":4,"minecraft:tipped_arrow":5,"minecraft:stick":12,"orcz:orcskull":4,"born_in_chaos_v1:shattered_skull":2,"minecraft:oak_fence":2,"minecraft:torch":2,"minecraft:green_bed":4,"beautify:lamp_candelabra":1,"minecraft:porkchop":11,"orcz:orchorn":2,"orcz:squigs_claws":2,"tombstone:grave_dust":13,"minecraft:diorite":3,"born_in_chaos_v1:pieceofdarkmetal":26,"minecraft:carrot":23,"minecraft:dark_oak_planks":50,"minecraft:arrow":7,"minecraft:rotten_flesh":16,"faded_conquest_2:skull_pile":4,"orcz:orcshroom":1,"minecraft:hay_block":35,"minecraft:iron_block":2,"minecraft:mutton":27,"minecraft:skeleton_skull":1,"minecraft:iron_bars":2,"minecraft:white_wool":14,"minecraft:cobblestone":39,"minecraft:birch_log":4,"born_in_chaos_v1:corpse_maggot":1,"born_in_chaos_v1:staffof_magic_arrows":3,"minecraft:feather":4,"orcz:orcteeth":92,"born_in_chaos_v1:spiritual_dust":10,"minecraft:potato":1,"minecraft:birch_planks":2,"minecraft:crimson_fungus":1,"minecraft:oak_log":12,"minecraft:yellow_bed":5,"minecraft:dirt":10,"faded_conquest_2:keyof_pestilence":1,"minecraft:cooked_mutton":1,"minecraft:red_carpet":1,"minecraft:bone":23,"minecraft:stone_bricks":1,"minecraft:bow":1,"born_in_chaos_v1:skullbreaker_hammer":1,"minecraft:iron_ingot":21,"minecraft:dark_oak_sign":2,"spore:mutated_fiber":55,"minecraft:oak_planks":105,"minecraft:iron_sword":3,"minecraft:pitcher_pod":6,"travelersbackpack:blank_upgrade":1,"spore:cerebrum":1,"minecraft:dark_oak_slab":1,"spore:armor_fragment":15,"born_in_chaos_v1:orbofthe_summoner":2,"orcz:orcagaric":2,"minecraft:oak_pressure_plate":2,"minecraft:sand":83,"orcz:blue_orcshroom":5,"minecraft:amethyst_shard":4,"minecraft:dark_oak_log":57,"minecraft:spider_eye":4,"spore:claw_fragment":36,"minecraft:bundle":2,"travelersbackpack:standard":1,"minecraft:polished_andesite":1,"minecraft:pumpkin_seeds":1,"minecraft:diamond":20,"minecraft:stone_axe":1,"knightquest:small_essence":47,"minecraft:golden_apple":1,"minecraft:gray_wool":4,"orcz:ironscrap":2,"minecraft:oak_sapling":3,"minecraft:black_wool":2,"minecraft:dark_oak_fence":1},"minecraft:dropped":{"minecraft:iron_sword":3,"minecraft:diamond":20,"minecraft:golden_horse_armor":1,"orcz:orcagaric":1,"minecraft:leather":3,"travelersbackpack:standard":1,"minecraft:stick":3,"minecraft:dark_oak_log":27,"minecraft:torch":1,"minecraft:potion":1,"minecraft:chain":2,"minecraft:sand":15,"minecraft:furnace":1,"minecraft:stone_axe":1,"minecraft:cocoa_beans":6,"born_in_chaos_v1:smoked_flesh":6,"spore:mutated_fiber":25,"minecraft:cooked_mutton":1,"travelersbackpack:diamond_tier_upgrade":1,"minecraft:diamond_sword":2,"orcz:orcteeth":82,"minecraft:diamond_pickaxe":1,"faded_conquest_2:keyof_pestilence":1,"minecraft:oak_sapling":1,"travelersbackpack:crafting_upgrade":1,"orcz:squigs_claws":2,"minecraft:wooden_pickaxe":1},"minecraft:broken":{"minecraft:iron_boots":1,"minecraft:iron_chestplate":1,"minecraft:iron_leggings":1},"minecraft:used":{"faded_conquest_2:skull_pile":4,"minecraft:stone_sword":93,"minecraft:iron_shovel":89,"minecraft:spruce_slab":2,"minecraft:chest":10,"minecraft:iron_sword":104,"travelersbackpack:diamond":34,"minecraft:dirt":3,"minecraft:white_carpet":4,"minecraft:chainmail_chestplate":1,"minecraft:glass":7,"minecraft:dark_oak_planks":14,"minecraft:stone_bricks":1,"minecraft:furnace":2,"tombstone:gift":6,"minecraft:skeleton_skull":1,"minecraft:egg":1,"orcz:orcskull":3,"minecraft:cooked_mutton":11,"minecraft:diorite":2,"minecraft:birch_planks":1,"minecraft:polished_andesite":1,"minecraft:stone_pickaxe":10,"minecraft:oak_planks":50,"minecraft:wooden_pickaxe":30,"minecraft:green_bed":3,"minecraft:cracked_stone_bricks":1,"minecraft:white_wool":1,"minecraft:sand":1,"minecraft:crafting_table":3,"born_in_chaos_v1:skullbreaker_hammer":274,"minecraft:white_bed":1,"minecraft:cake":1,"minecraft:oak_log":2,"tombstone:bag_of_seeds":2,"minecraft:bread":66,"minecraft:iron_pickaxe":73,"minecraft:stone_axe":59,"minecraft:diamond_sword":237,"minecraft:cobblestone":17,"minecraft:dark_oak_fence":1,"travelersbackpack:standard":2,"minecraft:cooked_porkchop":4,"minecraft:smithing_table":1,"minecraft:bucket":3,"minecraft:yellow_bed":5,"minecraft:splash_potion":2,"minecraft:experience_bottle":4,"minecraft:chainmail_leggings":1},"minecraft:mined":{"minecraft:dark_oak_planks":12,"minecraft:large_amethyst_bud":1,"minecraft:red_carpet":1,"minecraft:light_gray_stained_glass_pane":2,"minecraft:dark_oak_leaves":5,"minecraft:dark_oak_log":30,"minecraft:potted_crimson_fungus":1,"minecraft:dark_oak_fence":2,"minecraft:grass_block":5,"born_in_chaos_v1:dark_metal_deposit":2,"minecraft:oak_pressure_plate":2,"minecraft:mangrove_trapdoor":1,"minecraft:spawner":17,"minecraft:hay_block":35,"minecraft:furnace":1,"minecraft:oak_stairs":3,"minecraft:iron_bars":2,"minecraft:potted_cornflower":1,"minecraft:stone":36,"minecraft:iron_block":2,"minecraft:white_wool":1,"minecraft:spruce_slab":3,"minecraft:green_bed":3,"minecraft:glass_pane":2,"minecraft:red_bed":1,"minecraft:amethyst_cluster":1,"orcz:orcskull":1,"faded_conquest_2:skull_pile":4,"minecraft:powder_snow":5,"travelersbackpack:standard":1,"minecraft:oak_fence":2,"minecraft:crafting_table":2,"minecraft:chest":11,"born_in_chaos_v1:black_argillite_brick_n":1,"minecraft:glass":1,"minecraft:cobblestone":3,"minecraft:oak_planks":4,"minecraft:wall_torch":1,"beautify:lamp_candelabra":1,"minecraft:diorite":3,"minecraft:gray_wool":2,"minecraft:chain":5,"minecraft:cyan_wool":1,"minecraft:birch_planks":1,"minecraft:dark_oak_slab":1,"minecraft:birch_log":5,"minecraft:white_carpet":2,"minecraft:birch_leaves":6,"born_in_chaos_v1:river_mint":1,"minecraft:yellow_bed":5,"minecraft:grass":6,"minecraft:oak_log":12,"minecraft:sand":88,"minecraft:dirt":3,"minecraft:cobweb":3,"minecraft:cracked_stone_bricks":2,"minecraft:stone_bricks":1,"minecraft:polished_andesite":3,"minecraft:oak_leaves":35},"minecraft:crafted":{"minecraft:oak_planks":40,"travelersbackpack:crafting_upgrade":2,"minecraft:furnace":1,"travelersbackpack:diamond":2,"minecraft:white_carpet":3,"travelersbackpack:blank_upgrade":4,"minecraft:cooked_mutton":13,"minecraft:glass":43,"travelersbackpack:white_sleeping_bag":2,"minecraft:iron_boots":1,"minecraft:leather":18,"minecraft:stone_pickaxe":1,"minecraft:chest":12,"minecraft:dark_oak_planks":120,"travelersbackpack:diamond_tier_upgrade":1,"minecraft:wheat":315,"minecraft:diamond_sword":1,"minecraft:cooked_porkchop":10,"minecraft:crafting_table":3,"travelersbackpack:backpack_tank":6,"minecraft:iron_helmet":1,"minecraft:wooden_pickaxe":1,"travelersbackpack:standard":2,"minecraft:iron_sword":1,"minecraft:smithing_table":1,"minecraft:bucket":2,"minecraft:birch_planks":16,"minecraft:stone_axe":1,"minecraft:bread":105,"minecraft:iron_chestplate":1,"minecraft:diamond_pickaxe":1,"minecraft:stick":12,"minecraft:iron_ingot":18,"minecraft:stone_sword":1,"minecraft:iron_shovel":1,"minecraft:iron_leggings":1,"minecraft:white_bed":1},"minecraft:custom":{"minecraft:interact_with_smithing_table":12,"minecraft:mob_kills":180,"minecraft:interact_with_crafting_table":132,"minecraft:open_barrel":23,"minecraft:bell_ring":2,"minecraft:damage_dealt_resisted":5002,"minecraft:eat_cake_slice":7,"minecraft:leave_game":13,"minecraft:time_since_death":11516,"minecraft:climb_one_cm":3604,"minecraft:sprint_one_cm":906657,"minecraft:walk_one_cm":755669,"minecraft:drop":35,"minecraft:damage_dealt_absorbed":144,"minecraft:talked_to_villager":2,"minecraft:play_time":328903,"minecraft:deaths":31,"minecraft:sneak_time":11400,"minecraft:walk_under_water_one_cm":5360,"minecraft:interact_with_brewingstand":1,"minecraft:jump":6049,"minecraft:interact_with_blast_furnace":2,"minecraft:walk_on_water_one_cm":20600,"minecraft:total_world_time":328903,"minecraft:interact_with_furnace":57,"minecraft:sleep_in_bed":24,"minecraft:time_since_rest":10581,"minecraft:damage_taken":11422,"minecraft:damage_dealt":35770,"minecraft:fly_one_cm":1282099,"minecraft:swim_one_cm":50333,"minecraft:open_chest":226,"minecraft:crouch_one_cm":22395,"tombstone:undead_killed":53,"minecraft:fall_one_cm":140695}},"DataVersion":3465}