{"stats":{"minecraft:killed":{"minecraft:cave_spider":14,"minecraft:spider":19,"faded_conquest_2:toxicrow":2,"born_in_chaos_v1:baby_skeleton_minion":7,"minecraft:skeleton":9,"minecraft:chicken":6,"born_in_chaos_v1:supreme_bonescaller_stage_2":1,"born_in_chaos_v1:firelight_not_despawn":1,"orcz:weirdboinecro":1,"minecraft:pig":6,"spore:inf_player":13,"spore:inf_wanderer":1,"orcz:goblinsavagemace":1,"spore:inf_evoker":3,"minecraft:sheep":16,"spore:inf_villager":3,"call_of_yucutan:undead_warrior":1,"minecraft:zombie":11,"spore:inf_human":5,"orcz:bigorcboss":3,"minecraft:stray":16,"alexsmobs:fly":1,"orcz:orcsavage_2sword":5,"orcz:snot":13,"orcz:orcshield":5,"minecraft:vex":1,"alexsmobs:seagull":1,"born_in_chaos_v1:skeleton_thrasher_not_despawn":1,"spore:inf_vindicator":3,"born_in_chaos_v1:maggot":8,"faded_conquest_2:doomharbor_lich":1,"orcz:orcsavagemace":5,"minecraft:husk":3,"born_in_chaos_v1:bone_imp_minion":11,"undead_revamp2:the_moonflower":1,"minecraft:frog":2,"spore:inf_pillager":4,"born_in_chaos_v1:bonescaller_not_despawn":2,"spore:claw":5,"orcz:goblin_2sword":1,"minecraft:wither_skeleton":2},"minecraft:killed_by":{"spore:claw":1,"spore:inf_human":1,"spore:inf_evoker":1,"spore:inf_player":2,"minecraft:cave_spider":4,"minecraft:zombie":1,"born_in_chaos_v1:supreme_bonescaller_stage_2":1,"minecraft:vex":1,"minecraft:stray":5,"spore:inf_vindicator":7,"spore:inf_wanderer":4,"born_in_chaos_v1:skeleton_thrasher_not_despawn":1,"born_in_chaos_v1:maggot":1},"minecraft:broken":{"minecraft:iron_boots":1,"minecraft:iron_chestplate":1,"minecraft:iron_leggings":1,"minecraft:iron_helmet":1},"minecraft:custom":{"minecraft:interact_with_crafting_table":133,"minecraft:open_barrel":26,"minecraft:bell_ring":2,"minecraft:eat_cake_slice":13,"minecraft:leave_game":17,"minecraft:time_since_death":119769,"minecraft:sprint_one_cm":1343510,"minecraft:damage_blocked_by_shield":632,"minecraft:drop":43,"minecraft:talked_to_villager":7,"minecraft:play_time":437156,"minecraft:deaths":31,"minecraft:interact_with_brewingstand":1,"minecraft:jump":8228,"minecraft:walk_on_water_one_cm":33655,"minecraft:interact_with_furnace":59,"minecraft:sleep_in_bed":32,"minecraft:damage_dealt":41595,"minecraft:crouch_one_cm":36871,"tombstone:undead_killed":66,"minecraft:interact_with_smithing_table":12,"minecraft:mob_kills":215,"minecraft:damage_dealt_resisted":5002,"minecraft:climb_one_cm":9657,"minecraft:walk_one_cm":1076232,"minecraft:damage_dealt_absorbed":144,"minecraft:sneak_time":15799,"minecraft:walk_under_water_one_cm":6452,"minecraft:interact_with_blast_furnace":2,"minecraft:total_world_time":437156,"minecraft:time_since_rest":2093,"minecraft:damage_taken":13422,"minecraft:swim_one_cm":62964,"minecraft:fly_one_cm":1638657,"minecraft:open_chest":337,"minecraft:fall_one_cm":186811},"minecraft:crafted":{"minecraft:oak_planks":40,"travelersbackpack:crafting_upgrade":2,"travelersbackpack:diamond":2,"minecraft:cooked_mutton":13,"minecraft:glass":43,"minecraft:iron_boots":1,"minecraft:chest":12,"minecraft:cooked_porkchop":10,"minecraft:crafting_table":3,"minecraft:iron_helmet":1,"minecraft:wooden_pickaxe":1,"travelersbackpack:standard":2,"minecraft:smithing_table":1,"minecraft:birch_planks":16,"minecraft:iron_chestplate":1,"minecraft:diamond_pickaxe":1,"minecraft:stick":12,"minecraft:iron_ingot":18,"minecraft:stone_sword":1,"minecraft:furnace":1,"minecraft:white_carpet":3,"travelersbackpack:blank_upgrade":4,"travelersbackpack:white_sleeping_bag":2,"minecraft:leather":18,"minecraft:stone_pickaxe":1,"minecraft:dark_oak_planks":132,"travelersbackpack:diamond_tier_upgrade":1,"minecraft:wheat":315,"minecraft:diamond_sword":1,"travelersbackpack:backpack_tank":6,"minecraft:iron_sword":1,"minecraft:bucket":2,"minecraft:stone_axe":1,"minecraft:bread":105,"minecraft:iron_shovel":1,"minecraft:iron_leggings":1,"minecraft:white_bed":1},"minecraft:dropped":{"minecraft:iron_sword":3,"spore:spine_fragment":1,"minecraft:diamond":20,"minecraft:leather":3,"travelersbackpack:standard":1,"minecraft:dark_oak_log":27,"minecraft:chain":2,"minecraft:sand":15,"minecraft:stone_axe":1,"born_in_chaos_v1:smoked_flesh":6,"minecraft:cooked_mutton":1,"faded_conquest_2:keyof_pestilence":1,"minecraft:bread":5,"minecraft:golden_horse_armor":1,"orcz:orcagaric":1,"minecraft:stick":3,"minecraft:torch":1,"tombstone:grave_dust":1,"minecraft:potion":1,"minecraft:furnace":1,"minecraft:cocoa_beans":6,"spore:mutated_fiber":25,"travelersbackpack:diamond_tier_upgrade":1,"minecraft:diamond_sword":2,"orcz:orcteeth":82,"minecraft:diamond_pickaxe":1,"travelersbackpack:crafting_upgrade":1,"minecraft:oak_sapling":2,"orcz:squigs_claws":2,"minecraft:wooden_pickaxe":1},"minecraft:mined":{"minecraft:dark_oak_planks":12,"minecraft:large_amethyst_bud":1,"alexsmobs:leafcutter_anthill":1,"minecraft:potted_crimson_fungus":1,"minecraft:spruce_trapdoor":1,"minecraft:grass_block":6,"born_in_chaos_v1:dark_metal_deposit":2,"minecraft:oak_pressure_plate":2,"minecraft:spawner":37,"minecraft:mossy_cobblestone_stairs":1,"minecraft:barrel":1,"minecraft:fire":3,"minecraft:oak_stairs":3,"minecraft:iron_bars":5,"minecraft:potted_cornflower":1,"minecraft:iron_block":2,"minecraft:spruce_slab":5,"minecraft:green_bed":3,"minecraft:red_bed":5,"minecraft:amethyst_cluster":1,"minecraft:powder_snow":5,"faded_conquest_2:skull_pile":4,"minecraft:torch":3,"minecraft:chest":14,"minecraft:white_stained_glass_pane":2,"minecraft:glass":1,"minecraft:cobblestone":3,"minecraft:grindstone":1,"minecraft:oak_planks":4,"beautify:lamp_candelabra":1,"orcz:orc_wood_slab":1,"minecraft:wall_torch":3,"minecraft:cyan_wool":1,"minecraft:chain":5,"minecraft:light_gray_candle":1,"minecraft:dark_oak_slab":1,"minecraft:birch_log":5,"minecraft:wheat":37,"born_in_chaos_v1:river_mint":1,"minecraft:grass":9,"minecraft:oak_log":12,"minecraft:sand":88,"minecraft:dirt":3,"minecraft:oak_leaves":35,"minecraft:deepslate":1,"minecraft:gray_candle":1,"minecraft:red_carpet":1,"minecraft:light_gray_stained_glass_pane":2,"minecraft:mossy_cobblestone":7,"minecraft:dark_oak_leaves":5,"minecraft:dark_oak_log":33,"minecraft:ladder":1,"minecraft:dark_oak_fence":2,"call_of_yucutan:overgrown_chest":4,"minecraft:spruce_fence":1,"minecraft:decorated_pot":1,"seadwellers:aquamarine_crystal":1,"alexsmobs:leafcutter_ant_chamber":1,"minecraft:mangrove_trapdoor":1,"minecraft:spruce_leaves":2,"minecraft:hay_block":35,"minecraft:furnace":1,"minecraft:mossy_stone_brick_stairs":2,"minecraft:bookshelf":11,"minecraft:vine":11,"call_of_yucutan:mossy_limestone_tiles":1,"minecraft:stone":37,"minecraft:white_wool":1,"minecraft:smithing_table":1,"minecraft:light_gray_carpet":1,"minecraft:glass_pane":2,"minecraft:red_wool":50,"orcz:orcskull":1,"travelersbackpack:standard":2,"minecraft:oak_fence":2,"minecraft:crafting_table":3,"born_in_chaos_v1:black_argillite_brick_n":1,"minecraft:campfire":1,"minecraft:diorite":3,"minecraft:spruce_stairs":6,"minecraft:birch_planks":2,"minecraft:gray_wool":2,"minecraft:lime_bed":1,"minecraft:white_carpet":6,"minecraft:birch_leaves":8,"minecraft:yellow_bed":8,"call_of_yucutan:solar_projector":1,"minecraft:gray_carpet":8,"minecraft:cobweb":5,"minecraft:cracked_stone_bricks":2,"minecraft:stone_bricks":3,"minecraft:polished_andesite":3,"minecraft:iron_trapdoor":1},"minecraft:used":{"minecraft:iron_shovel":89,"minecraft:spruce_slab":2,"minecraft:ladder":1,"minecraft:chest":18,"minecraft:shield":15,"minecraft:iron_sword":104,"travelersbackpack:diamond":37,"minecraft:carrot":34,"minecraft:glass":7,"minecraft:stone_bricks":15,"minecraft:furnace":2,"minecraft:skeleton_skull":1,"minecraft:egg":1,"orcz:orcskull":3,"minecraft:diorite":2,"minecraft:stone_pickaxe":10,"minecraft:oak_planks":50,"minecraft:wooden_pickaxe":30,"minecraft:white_wool":1,"minecraft:sand":1,"minecraft:bread":86,"minecraft:diamond_sword":363,"minecraft:dark_oak_fence":1,"minecraft:smithing_table":1,"minecraft:experience_bottle":4,"faded_conquest_2:skull_pile":4,"minecraft:stone_sword":93,"minecraft:cooked_chicken":2,"minecraft:torch":4,"minecraft:dirt":3,"minecraft:white_carpet":4,"minecraft:chainmail_chestplate":1,"minecraft:dark_oak_planks":26,"minecraft:iron_boots":1,"tombstone:gift":6,"minecraft:cobbled_deepslate":1,"minecraft:cooked_mutton":16,"minecraft:birch_planks":18,"minecraft:polished_andesite":1,"minecraft:green_bed":3,"minecraft:cracked_stone_bricks":1,"minecraft:mossy_cobblestone":2,"minecraft:lime_bed":1,"minecraft:crafting_table":3,"minecraft:red_bed":4,"born_in_chaos_v1:skullbreaker_hammer":302,"minecraft:white_bed":1,"minecraft:cake":1,"tombstone:bag_of_seeds":2,"minecraft:oak_log":2,"minecraft:diamond_pickaxe":15,"minecraft:iron_pickaxe":107,"tombstone:magic_scroll":1,"minecraft:stone_axe":109,"minecraft:cobblestone":17,"travelersbackpack:standard":7,"minecraft:cooked_porkchop":7,"minecraft:bucket":3,"minecraft:yellow_bed":8,"minecraft:splash_potion":2,"minecraft:chainmail_leggings":1},"minecraft:picked_up":{"spore:mutated_heart":3,"minecraft:wheat":39,"minecraft:iron_trapdoor":1,"minecraft:flower_pot":2,"minecraft:smithing_table":1,"minecraft:diamond_sword":1,"minecraft:oak_stairs":3,"minecraft:enchanted_book":1,"minecraft:potion":6,"seadwellers:aquamarine":1,"minecraft:string":36,"minecraft:cobbled_deepslate":1,"minecraft:furnace":2,"minecraft:tipped_arrow":6,"minecraft:stick":12,"born_in_chaos_v1:shattered_skull":2,"orcz:orcskull":4,"minecraft:oak_fence":2,"minecraft:torch":6,"minecraft:green_bed":4,"minecraft:spruce_stairs":6,"call_of_yucutan:red_limestone":2,"minecraft:porkchop":11,"orcz:squigs_claws":2,"tombstone:grave_dust":19,"minecraft:diorite":3,"call_of_yucutan:reflector":1,"minecraft:rotten_flesh":29,"orcz:orcshroom":1,"faded_conquest_2:skull_pile":4,"minecraft:iron_block":2,"useless_sword:pillager_dagger":1,"minecraft:iron_bars":5,"minecraft:cobblestone":40,"minecraft:birch_log":4,"born_in_chaos_v1:staffof_magic_arrows":3,"minecraft:feather":4,"orcz:orcteeth":102,"born_in_chaos_v1:spiritual_dust":10,"minecraft:potato":2,"orcz:orc_wood_slab":1,"minecraft:dirt":11,"faded_conquest_2:keyof_pestilence":1,"minecraft:bone":31,"minecraft:bow":3,"minecraft:wheat_seeds":99,"call_of_yucutan:golden_torch":2,"born_in_chaos_v1:skullbreaker_hammer":1,"minecraft:grindstone":1,"minecraft:dark_oak_sign":2,"minecraft:mossy_stone_bricks":5,"minecraft:gray_candle":3,"minecraft:oak_planks":105,"minecraft:pitcher_pod":6,"minecraft:mossy_stone_brick_stairs":1,"spore:cerebrum":1,"spore:armor_fragment":15,"orcz:orcagaric":2,"minecraft:oak_pressure_plate":2,"minecraft:sand":83,"orcz:blue_orcshroom":5,"minecraft:fermented_spider_eye":1,"minecraft:dark_oak_log":65,"minecraft:barrel":1,"minecraft:mossy_cobblestone":4,"minecraft:bundle":3,"call_of_yucutan:elder_bone":4,"spore:claw_fragment":36,"minecraft:polished_andesite":1,"born_in_chaos_v1:fire_dust":1,"minecraft:diamond":20,"minecraft:crossbow":1,"knightquest:small_essence":59,"minecraft:golden_apple":1,"minecraft:bread":22,"spore:spine_fragment":1,"orcz:ironscrap":2,"minecraft:oak_sapling":4,"minecraft:light_gray_carpet":2,"minecraft:dark_oak_fence":1,"minecraft:cocoa_beans":6,"minecraft:charcoal":2,"minecraft:crafting_table":3,"born_in_chaos_v1:river_mint":1,"minecraft:chicken":6,"minecraft:ladder":1,"minecraft:leather_leggings":1,"minecraft:wooden_pickaxe":1,"minecraft:chain":5,"minecraft:shield":2,"minecraft:cornflower":1,"minecraft:red_bed":5,"minecraft:white_carpet":6,"minecraft:cracked_stone_bricks":2,"minecraft:spruce_slab":5,"minecraft:chest":14,"minecraft:birch_sapling":1,"minecraft:spruce_trapdoor":1,"minecraft:phantom_membrane":4,"minecraft:egg":5,"minecraft:spruce_fence":1,"beautify:lamp_candelabra":1,"orcz:orchorn":2,"born_in_chaos_v1:pieceofdarkmetal":26,"minecraft:carrot":24,"minecraft:dark_oak_planks":50,"minecraft:arrow":12,"minecraft:pumpkin_pie":5,"minecraft:hay_block":35,"minecraft:mutton":27,"minecraft:skeleton_skull":1,"minecraft:white_wool":14,"born_in_chaos_v1:corpse_maggot":3,"minecraft:lime_bed":1,"minecraft:birch_planks":3,"minecraft:crimson_fungus":1,"minecraft:oak_log":12,"minecraft:chainmail_chestplate":1,"minecraft:yellow_bed":8,"minecraft:cooked_mutton":1,"minecraft:red_carpet":3,"minecraft:gray_carpet":8,"minecraft:apple":1,"minecraft:stone_bricks":22,"minecraft:iron_ingot":22,"spore:mutated_fiber":63,"minecraft:glass_bottle":4,"minecraft:iron_sword":4,"travelersbackpack:blank_upgrade":1,"minecraft:book":33,"minecraft:dark_oak_slab":1,"minecraft:red_wool":42,"born_in_chaos_v1:orbofthe_summoner":2,"call_of_yucutan:solar_projector":1,"minecraft:amethyst_shard":4,"minecraft:spider_eye":5,"minecraft:leather_helmet":1,"travelersbackpack:standard":2,"minecraft:pumpkin_seeds":1,"minecraft:stone_axe":1,"minecraft:diamond_axe":1,"minecraft:mossy_cobblestone_stairs":1,"minecraft:gray_wool":4,"minecraft:baked_potato":1,"tombstone:magic_scroll":1,"minecraft:black_wool":2,"minecraft:coal":1}},"DataVersion":3465}