{"stats":{"minecraft:dropped":{"minecraft:bread":2,"minecraft:dark_oak_stairs":1,"minecraft:glass_bottle":1,"minecraft:sand":1,"born_in_chaos_v1:ethereal_spirit":1,"born_in_chaos_v1:corpse_maggot":1,"faded_conquest_2:keyof_pestilence":1,"minecraft:barrel":2},"minecraft:broken":{"minecraft:stone_axe":1,"minecraft:iron_sword":1},"minecraft:killed":{"faded_conquest_2:toxicrow":2,"minecraft:skeleton":13,"minecraft:chicken":3,"minecraft:silverfish":3,"minecraft:magma_cube":7,"minecraft:husk":4,"faded_conquest_2:the_plauge_bringer":1,"minecraft:pig":4,"minecraft:sheep":13,"minecraft:zombie":2,"spore:inf_human":1,"minecraft:stray":1,"minecraft:cow":4},"minecraft:killed_by":{"spore:inf_drowned":1,"spore:inf_player":1,"minecraft:cave_spider":1,"spore:inf_villager":1,"minecraft:skeleton":5,"minecraft:zombie":1,"minecraft:vex":1},"minecraft:custom":{"minecraft:mob_kills":58,"minecraft:interact_with_crafting_table":20,"minecraft:open_barrel":5,"minecraft:eat_cake_slice":6,"minecraft:leave_game":5,"minecraft:time_since_death":1997,"minecraft:climb_one_cm":18469,"minecraft:sprint_one_cm":499576,"minecraft:walk_one_cm":516477,"minecraft:drop":9,"minecraft:play_time":137219,"minecraft:deaths":13,"minecraft:sneak_time":1860,"minecraft:walk_under_water_one_cm":14334,"minecraft:jump":3354,"minecraft:walk_on_water_one_cm":31746,"minecraft:total_world_time":137219,"minecraft:interact_with_furnace":21,"minecraft:sleep_in_bed":5,"minecraft:time_since_rest":1,"minecraft:damage_taken":4518,"minecraft:damage_absorbed":20,"minecraft:damage_dealt":11603,"tombstone:cast_on_ally":1,"minecraft:swim_one_cm":65773,"minecraft:fly_one_cm":538174,"minecraft:player_kills":1,"minecraft:open_chest":35,"minecraft:crouch_one_cm":6191,"tombstone:undead_killed":21,"minecraft:fall_one_cm":62958},"minecraft:crafted":{"minecraft:oak_planks":196,"minecraft:furnace":1,"minecraft:iron_boots":1,"minecraft:iron_axe":1,"minecraft:stone_pickaxe":1,"minecraft:chest":4,"minecraft:crafting_table":3,"minecraft:spruce_planks":40,"minecraft:wooden_pickaxe":1,"minecraft:iron_helmet":1,"minecraft:iron_sword":2,"minecraft:spruce_door":3,"minecraft:stone_axe":1,"minecraft:bread":11,"minecraft:shield":1,"minecraft:stick":20,"minecraft:iron_pickaxe":1,"minecraft:stone_sword":1,"minecraft:iron_leggings":1,"minecraft:white_bed":2},"minecraft:used":{"minecraft:stone_sword":120,"minecraft:ladder":3,"minecraft:chest":4,"minecraft:spruce_planks":2,"minecraft:iron_sword":299,"minecraft:torch":2,"minecraft:dirt":15,"born_in_chaos_v1:corpse_maggot":2,"minecraft:dark_oak_planks":3,"minecraft:iron_axe":14,"minecraft:iron_helmet":1,"minecraft:furnace":1,"tombstone:gift":8,"minecraft:iron_leggings":1,"minecraft:diorite":2,"minecraft:spruce_door":1,"minecraft:stone_pickaxe":130,"minecraft:oak_planks":179,"minecraft:wooden_pickaxe":26,"minecraft:golden_apple":1,"minecraft:mossy_cobblestone":1,"minecraft:tnt":16,"minecraft:crafting_table":11,"minecraft:white_bed":2,"minecraft:cake":1,"minecraft:redstone_torch":2,"minecraft:apple":2,"minecraft:bread":27,"minecraft:light_gray_concrete":8,"minecraft:cyan_bed":1,"minecraft:iron_pickaxe":80,"minecraft:gravel":3,"minecraft:stone_axe":135,"minecraft:cobblestone":115,"minecraft:potion":1,"minecraft:dark_oak_fence":1},"minecraft:mined":{"minecraft:dark_oak_planks":3,"minecraft:large_amethyst_bud":1,"minecraft:spruce_planks":2,"minecraft:white_bed":1,"minecraft:mossy_cobblestone":5,"minecraft:ladder":3,"minecraft:dark_oak_fence":1,"minecraft:grass_block":14,"minecraft:spruce_fence":1,"minecraft:spruce_leaves":11,"minecraft:spawner":11,"steam_powered:zinc_ore":1,"minecraft:iron_ore":18,"minecraft:fire":1,"minecraft:dark_oak_stairs":1,"minecraft:vine":5,"minecraft:iron_bars":1,"minecraft:light_gray_concrete":11,"minecraft:stone":118,"minecraft:tripwire":1,"minecraft:amethyst_cluster":1,"minecraft:crafting_table":8,"minecraft:torch":2,"minecraft:calcite":1,"minecraft:mossy_cobblestone_wall":1,"faded_conquest_2:ominous_skull":1,"minecraft:tall_grass":1,"minecraft:copper_ore":1,"minecraft:cobblestone":16,"minecraft:cyan_bed":1,"minecraft:oak_planks":43,"minecraft:diorite":2,"minecraft:tinted_glass":2,"minecraft:wheat":35,"born_in_chaos_v1:fired_black_argillite":1,"minecraft:spruce_log":11,"minecraft:grass":30,"minecraft:oak_log":77,"minecraft:gravel":3,"minecraft:dirt":15,"minecraft:smooth_quartz":11,"minecraft:cobweb":9,"minecraft:stone_bricks":1,"minecraft:gold_ore":4,"minecraft:oak_leaves":22},"minecraft:picked_up":{"minecraft:crafting_table":8,"minecraft:wheat":34,"minecraft:ladder":5,"born_in_chaos_v1:river_mint":2,"minecraft:chicken":3,"minecraft:potion":1,"born_in_chaos_v1:fired_black_argillite":1,"minecraft:string":19,"minecraft:waxed_cut_copper_slab":3,"minecraft:raw_copper":3,"minecraft:tnt_minecart":1,"minecraft:spruce_planks":1,"minecraft:mossy_cobblestone_wall":1,"minecraft:beef":8,"steam_powered:raw_zinc":1,"minecraft:calcite":1,"minecraft:smooth_quartz":10,"minecraft:spruce_slab":3,"minecraft:tinted_glass":2,"minecraft:egg":1,"minecraft:tipped_arrow":2,"minecraft:stick":3,"minecraft:raw_iron":17,"minecraft:torch":2,"minecraft:spruce_fence":1,"minecraft:porkchop":10,"minecraft:stone_button":1,"tombstone:grave_dust":8,"minecraft:diorite":2,"minecraft:dark_oak_planks":3,"minecraft:rotten_flesh":14,"minecraft:arrow":15,"minecraft:weeping_vines":1,"minecraft:mutton":20,"minecraft:iron_bars":1,"minecraft:white_wool":12,"minecraft:cobblestone":131,"born_in_chaos_v1:corpse_maggot":3,"minecraft:feather":2,"minecraft:leather":2,"minecraft:oak_log":76,"minecraft:dirt":23,"faded_conquest_2:keyof_pestilence":1,"minecraft:red_carpet":2,"minecraft:bone":30,"minecraft:stone_bricks":1,"minecraft:wheat_seeds":93,"minecraft:raw_gold":4,"minecraft:cobweb":3,"minecraft:glass_bottle":1,"minecraft:iron_sword":1,"minecraft:oak_planks":40,"minecraft:dark_oak_stairs":2,"minecraft:oak_slab":1,"minecraft:dark_oak_slab":2,"born_in_chaos_v1:ethereal_spirit":1,"minecraft:gravel":4,"minecraft:sand":1,"minecraft:amethyst_shard":4,"orcz:orcamanita":1,"minecraft:spruce_sapling":2,"minecraft:white_bed":1,"minecraft:spruce_log":11,"minecraft:cyan_bed":1,"minecraft:barrel":2,"minecraft:mossy_cobblestone":1,"minecraft:light_gray_concrete":10,"minecraft:bundle":1,"knightquest:small_essence":26,"minecraft:golden_apple":1,"minecraft:oak_sapling":1,"tombstone:magic_scroll":1,"minecraft:dark_oak_fence":1,"minecraft:coal":1}},"DataVersion":3465}