{"stats":{"minecraft:crafted":{"minecraft:iron_boots":1,"minecraft:diamond_leggings":1,"minecraft:iron_axe":1,"minecraft:stone_pickaxe":1,"minecraft:chest":225,"minecraft:diamond_sword":1,"minecraft:crafting_table":4,"minecraft:spruce_planks":1884,"minecraft:iron_helmet":1,"minecraft:wooden_pickaxe":1,"minecraft:enchanted_book":1,"minecraft:iron_chestplate":1,"minecraft:stick":4,"minecraft:iron_ingot":18,"minecraft:stone_sword":1,"minecraft:iron_leggings":1,"minecraft:diamond_chestplate":1},"minecraft:custom":{"minecraft:mob_kills":102,"minecraft:interact_with_crafting_table":20,"minecraft:open_barrel":17,"minecraft:damage_dealt_resisted":5198,"minecraft:leave_game":3,"minecraft:time_since_death":20381,"minecraft:sprint_one_cm":418225,"minecraft:walk_one_cm":423516,"minecraft:damage_blocked_by_shield":1360,"minecraft:drop":17,"minecraft:talked_to_villager":7,"minecraft:play_time":148387,"minecraft:deaths":15,"minecraft:sneak_time":15322,"minecraft:walk_under_water_one_cm":1211,"minecraft:boat_one_cm":7521,"minecraft:jump":3748,"minecraft:interact_with_brewingstand":1,"minecraft:walk_on_water_one_cm":4684,"minecraft:total_world_time":148387,"minecraft:traded_with_villager":1,"minecraft:sleep_in_bed":14,"minecraft:time_since_rest":8895,"minecraft:damage_taken":4771,"minecraft:damage_absorbed":10,"minecraft:damage_dealt":18018,"minecraft:fly_one_cm":842304,"minecraft:swim_one_cm":10873,"minecraft:open_chest":58,"minecraft:crouch_one_cm":46742,"tombstone:undead_killed":44,"minecraft:fall_one_cm":84689},"minecraft:dropped":{"minecraft:wheat_seeds":3,"minecraft:diamond":1,"minecraft:glow_berries":3,"orcz:orcagaric":4,"tombstone:grave_dust":2,"minecraft:iron_pickaxe":1,"minecraft:spruce_sapling":1,"minecraft:bone":26,"minecraft:rotten_flesh":2,"orcz:squigs_claws":1,"knightquest:small_essence":1},"minecraft:killed_by":{"minecraft:creeper":1,"born_in_chaos_v1:bone_imp_minion":3,"alexsmobs:tusklin":2,"minecraft:cave_spider":3,"born_in_chaos_v1:supreme_bonescaller_stage_2":1,"born_in_chaos_v1:bonescaller_not_despawn":1,"minecraft:vex":1},"minecraft:mined":{"minecraft:tuff":1,"minecraft:spruce_planks":45,"minecraft:white_bed":5,"minecraft:potted_crimson_fungus":1,"minecraft:grass_block":14,"minecraft:crimson_roots":1,"minecraft:spruce_leaves":17,"minecraft:chiseled_stone_bricks":1,"minecraft:spawner":8,"minecraft:large_fern":8,"minecraft:magma_block":1,"treechop:chopped_log":13,"minecraft:gold_block":1,"minecraft:lantern":1,"minecraft:stone":31,"minecraft:iron_block":2,"spore:lab_block":2,"minecraft:crafting_table":4,"minecraft:chest":9,"born_in_chaos_v1:black_argillite_brick_n":1,"minecraft:tall_grass":1,"minecraft:cobblestone":9,"born_in_chaos_v1:chipped_black_argillite_brick":1,"minecraft:blue_bed":11,"minecraft:chain":3,"minecraft:sweet_berry_bush":93,"minecraft:ice":1,"minecraft:white_carpet":5,"minecraft:spruce_log":1,"minecraft:birch_leaves":4,"minecraft:grass":8,"minecraft:dirt":7,"minecraft:cobweb":1,"minecraft:fern":3},"minecraft:used":{"minecraft:stone_sword":39,"minecraft:chest":233,"minecraft:spruce_planks":99,"minecraft:shield":46,"minecraft:torch":7,"minecraft:dirt":19,"minecraft:carrot":14,"minecraft:iron_axe":214,"minecraft:sweet_berries":97,"minecraft:stone_pickaxe":21,"minecraft:wooden_pickaxe":3,"minecraft:blue_bed":11,"minecraft:golden_apple":1,"minecraft:sand":3,"minecraft:crafting_table":8,"minecraft:white_bed":5,"tombstone:tablet_of_home":2,"minecraft:iron_pickaxe":49,"minecraft:diamond_sword":424,"minecraft:cobblestone":27},"minecraft:picked_up":{"minecraft:crafting_table":4,"spore:lab_block":2,"minecraft:coarse_dirt":1,"minecraft:flower_pot":1,"born_in_chaos_v1:seedof_chaos":2,"minecraft:gold_block":3,"minecraft:chain":3,"minecraft:shield":2,"minecraft:string":15,"minecraft:white_carpet":4,"minecraft:spruce_planks":40,"minecraft:iron_pickaxe":1,"minecraft:chest":8,"minecraft:birch_sapling":1,"minecraft:tipped_arrow":1,"minecraft:stick":60,"born_in_chaos_v1:shattered_skull":3,"minecraft:torch":84,"minecraft:porkchop":16,"orcz:orchorn":4,"orcz:squigs_claws":2,"tombstone:grave_dust":8,"minecraft:arrow":2,"minecraft:rotten_flesh":6,"minecraft:iron_block":2,"born_in_chaos_v1:spiny_shell":4,"minecraft:snowball":16,"minecraft:cobblestone":32,"minecraft:feather":3,"orcz:orcteeth":55,"born_in_chaos_v1:spiritual_dust":5,"minecraft:crimson_fungus":1,"minecraft:blue_bed":11,"minecraft:dirt":20,"minecraft:lantern":1,"minecraft:glass":32,"minecraft:bone":23,"minecraft:wheat_seeds":3,"born_in_chaos_v1:chipped_black_argillite_brick":1,"tombstone:bag_of_seeds":1,"spore:mutated_fiber":5,"minecraft:book":2,"spore:cerebrum":2,"minecraft:sweet_berries":198,"born_in_chaos_v1:orbofthe_summoner":1,"orcz:orcagaric":4,"minecraft:sand":3,"orcz:blue_orcshroom":1,"minecraft:spruce_sapling":69,"minecraft:white_bed":5,"minecraft:spruce_log":603,"minecraft:cyan_bed":1,"minecraft:spider_eye":4,"born_in_chaos_v1:fire_dust":3,"minecraft:diamond":17,"minecraft:spruce_boat":1,"knightquest:small_essence":15,"born_in_chaos_v1:rotten_fish":1,"orcz:orceye":1},"minecraft:killed":{"spore:inf_hazmat":1,"minecraft:cave_spider":9,"minecraft:spider":8,"born_in_chaos_v1:skeleton_thrasher_not_despawn":2,"born_in_chaos_v1:thornshell_crab":1,"born_in_chaos_v1:baby_skeleton_minion":7,"orcz:squig":1,"orcz:orcsavagemace":1,"born_in_chaos_v1:supreme_bonescaller_stage_2":1,"born_in_chaos_v1:firelight_not_despawn":3,"minecraft:pig":8,"born_in_chaos_v1:bone_imp_minion":14,"spore:inf_wanderer":1,"orcz:goblinsavagemace":1,"born_in_chaos_v1:decrepit_skeleton":3,"spore:inf_villager":1,"minecraft:zombie":13,"spore:inf_human":1,"minecraft:stray":3,"born_in_chaos_v1:bonescaller_not_despawn":1,"orcz:bigorcboss":4,"orcz:orcsavage_2sword":3,"orcz:snot":6,"orcz:orcshield":1,"minecraft:cow":1}},"DataVersion":3465}