{"stats":{"minecraft:mined":{"minecraft:stone_pressure_plate":3,"minecraft:spruce_planks":111,"minecraft:white_bed":4,"minecraft:spruce_trapdoor":1,"minecraft:granite":13,"minecraft:grass_block":15,"minecraft:coal_block":19,"minecraft:spawner":29,"minecraft:fire":2,"minecraft:fletching_table":2,"minecraft:nether_brick_stairs":1,"minecraft:enchanting_table":1,"minecraft:iron_bars":27,"minecraft:spruce_slab":2,"minecraft:smoker":1,"spore:growths_big":2,"minecraft:torch":8,"minecraft:chest":3,"cfm:spruce_chair":2,"minecraft:cobblestone":60,"cfm:spruce_desk":2,"minecraft:cyan_bed":3,"minecraft:sugar_cane":6,"minecraft:oak_planks":1,"minecraft:iron_door":2,"minecraft:wall_torch":28,"orcz:orcagaric":1,"minecraft:stone_brick_stairs":1,"minecraft:grass":7,"orcz:blue_orcshroom":1,"minecraft:sand":40,"minecraft:dirt":119,"minecraft:netherrack":1,"spore:remains":3,"create:zinc_ore":6,"minecraft:mossy_cobblestone":1,"minecraft:nether_bricks":3,"minecraft:spruce_fence":1,"minecraft:spruce_leaves":13,"steam_powered:tin_ore":2,"spore:growths_small":2,"steam_powered:zinc_ore":16,"minecraft:spruce_sapling":1,"minecraft:furnace":3,"minecraft:acacia_wood":3,"minecraft:andesite":37,"minecraft:stripped_spruce_log":14,"treechop:chopped_log":32,"minecraft:bookshelf":9,"minecraft:potatoes":100,"minecraft:cobblestone_slab":15,"minecraft:deepslate_iron_ore":8,"minecraft:vine":3,"minecraft:lantern":2,"minecraft:stone":611,"minecraft:podzol":2,"minecraft:redstone_block":3,"minecraft:crafting_table":17,"minecraft:lectern":4,"minecraft:copper_ore":2,"minecraft:diorite":60,"minecraft:blue_bed":2,"minecraft:spruce_stairs":3,"minecraft:coarse_dirt":1,"minecraft:ice":39,"minecraft:spruce_log":30,"minecraft:cobweb":48,"minecraft:cracked_stone_bricks":1,"minecraft:stone_bricks":6,"minecraft:fern":6},"minecraft:picked_up":{"spore:mutated_heart":1,"minecraft:iron_chestplate":3,"minecraft:chainmail_boots":3,"minecraft:redstone_block":3,"minecraft:enchanted_book":1,"minecraft:stone_brick_stairs":1,"minecraft:string":47,"minecraft:raw_copper":27,"minecraft:iron_leggings":3,"minecraft:gold_nugget":6,"minecraft:spruce_planks":315,"steam_powered:raw_zinc":23,"minecraft:cobblestone_slab":17,"minecraft:coal_block":19,"minecraft:furnace":3,"minecraft:golden_helmet":1,"minecraft:tipped_arrow":1,"minecraft:stick":33,"minecraft:torch":133,"minecraft:spruce_stairs":11,"orcz:squigs_claws":1,"minecraft:diorite":58,"minecraft:golden_chestplate":1,"minecraft:rotten_flesh":10,"orcz:orcshroom":1,"cfm:spruce_chair":2,"minecraft:iron_bars":24,"minecraft:cobblestone":624,"minecraft:enchanting_table":1,"minecraft:cooked_beef":1,"minecraft:iron_door":1,"minecraft:andesite":37,"minecraft:smoker":1,"minecraft:potato":412,"create:raw_zinc":5,"minecraft:dirt":146,"minecraft:lantern":4,"minecraft:bone":36,"undead_revamp2:blacpetalblock":1,"minecraft:bow":2,"minecraft:wheat_seeds":1,"minecraft:fletching_table":2,"cfm:spruce_desk":2,"spore:cerebrum":3,"orcz:orcagaric":1,"minecraft:poisonous_potato":1,"minecraft:sand":40,"orcz:blue_orcshroom":1,"minecraft:stripped_spruce_log":15,"minecraft:cyan_bed":2,"minecraft:mossy_cobblestone":1,"minecraft:iron_hoe":1,"minecraft:diamond":1,"minecraft:spruce_boat":6,"knightquest:small_essence":36,"minecraft:granite":22,"minecraft:bone_meal":21,"minecraft:chainmail_helmet":1,"minecraft:bread":64,"spore:spine_fragment":3,"orcz:ironscrap":1,"minecraft:netherrack":1,"minecraft:crafting_table":17,"minecraft:coarse_dirt":2,"minecraft:cracked_stone_bricks":4,"minecraft:iron_nugget":11,"minecraft:spruce_slab":2,"minecraft:lectern":4,"minecraft:sugar_cane":24,"minecraft:chest":5,"minecraft:spruce_trapdoor":1,"minecraft:raw_iron":7,"minecraft:spruce_fence":1,"minecraft:stone_pressure_plate":1,"minecraft:arrow":13,"minecraft:saddle":1,"minecraft:gold_ingot":3,"minecraft:glow_berries":3,"born_in_chaos_v1:corpse_maggot":1,"minecraft:acacia_wood":3,"minecraft:oak_log":2,"minecraft:gunpowder":23,"minecraft:blue_bed":2,"tombstone:gift":1,"bountiful:bounty":1,"minecraft:stone_bricks":7,"minecraft:iron_ingot":7,"minecraft:cobweb":47,"spore:mutated_fiber":25,"minecraft:glass_bottle":2,"minecraft:book":29,"minecraft:spruce_sapling":81,"minecraft:white_bed":4,"minecraft:spruce_log":599,"steam_powered:raw_tin":2,"minecraft:chainmail_leggings":1,"minecraft:diamond_axe":5},"minecraft:dropped":{"spore:spine_fragment":3,"minecraft:acacia_wood":2,"minecraft:diamond_axe":4,"minecraft:cooked_beef":1,"minecraft:glass_bottle":4,"minecraft:crafting_table":1,"minecraft:glow_berries":3,"orcz:blue_orcshroom":1,"minecraft:cracked_stone_bricks":4,"minecraft:dirt":104,"useless_sword:prismarine_sword":1,"minecraft:gold_nugget":6,"minecraft:bone_meal":42,"undead_revamp2:blacpetalblock":1,"minecraft:gold_ingot":3,"minecraft:bone":13,"magistuarmory:barding":1,"bountiful:bounty":1,"minecraft:golden_chestplate":1,"steam_powered:raw_zinc":19,"minecraft:rotten_flesh":2,"orcz:orcshroom":1,"minecraft:leather_chestplate":1,"steam_powered:raw_tin":2,"minecraft:gunpowder":7,"minecraft:chest":1,"minecraft:chainmail_boots":3,"minecraft:iron_bars":13,"minecraft:arrow":13,"minecraft:glass":32,"minecraft:stone_brick_stairs":1,"minecraft:enchanted_book":1,"minecraft:wheat_seeds":1,"minecraft:mossy_cobblestone":1,"minecraft:poisonous_potato":1,"minecraft:cobblestone":303,"minecraft:book":3,"orcz:orcagaric":1,"minecraft:granite":22,"minecraft:spruce_stairs":8,"minecraft:chainmail_helmet":2,"minecraft:stick":6,"minecraft:diorite":31,"minecraft:torch":61,"minecraft:iron_door":1,"minecraft:potion":1,"minecraft:iron_leggings":2,"spore:mutated_heart":1,"minecraft:chainmail_leggings":2,"create:raw_zinc":4,"minecraft:spruce_sapling":1,"minecraft:redstone_block":3,"minecraft:coarse_dirt":2,"minecraft:raw_copper":27,"minecraft:iron_boots":1,"spore:cerebrum":3,"spore:mutated_fiber":21,"minecraft:spruce_fence":1,"minecraft:shield":1,"minecraft:spruce_planks":115,"minecraft:iron_chestplate":1,"minecraft:andesite":29,"orcz:squigs_claws":1,"minecraft:stone_bricks":12,"knightquest:small_essence":29,"minecraft:bow":1},"minecraft:custom":{"minecraft:interact_with_crafting_table":72,"minecraft:open_barrel":5,"minecraft:leave_game":11,"minecraft:time_since_death":218652,"minecraft:sprint_one_cm":602504,"minecraft:damage_blocked_by_shield":1660,"minecraft:drop":136,"minecraft:talked_to_villager":13,"minecraft:play_time":323839,"minecraft:deaths":2,"minecraft:jump":4796,"minecraft:interact_with_brewingstand":1,"minecraft:walk_on_water_one_cm":31177,"minecraft:interact_with_furnace":28,"minecraft:traded_with_villager":1,"minecraft:sleep_in_bed":20,"minecraft:damage_dealt":11913,"minecraft:crouch_one_cm":40262,"tombstone:undead_killed":18,"minecraft:interact_with_smoker":5,"minecraft:mob_kills":65,"minecraft:interact_with_anvil":4,"minecraft:damage_dealt_resisted":22,"minecraft:climb_one_cm":1980,"minecraft:walk_one_cm":792627,"minecraft:sneak_time":11738,"minecraft:walk_under_water_one_cm":12261,"minecraft:boat_one_cm":40,"minecraft:total_world_time":323839,"minecraft:time_since_rest":1807,"minecraft:damage_taken":4759,"minecraft:damage_absorbed":120,"minecraft:swim_one_cm":33928,"minecraft:fly_one_cm":953730,"minecraft:open_chest":223,"minecraft:fall_one_cm":127520},"minecraft:crafted":{"minecraft:oak_planks":8,"minecraft:cobblestone_slab":12,"minecraft:barrel":12,"minecraft:stone":64,"cfm:spruce_desk":10,"minecraft:glass":32,"minecraft:iron_boots":1,"minecraft:chest":4,"minecraft:stone_bricks":64,"minecraft:crafting_table":4,"minecraft:spruce_planks":728,"minecraft:baked_potato":54,"minecraft:wooden_pickaxe":1,"beautify:bookstack":2,"minecraft:spruce_trapdoor":6,"minecraft:shield":1,"minecraft:stick":40,"minecraft:iron_ingot":12,"minecraft:iron_block":3,"cfm:spruce_desk_cabinet":2,"minecraft:shears":1,"minecraft:iron_nugget":45,"minecraft:furnace":1,"minecraft:bone_meal":78,"minecraft:lantern":5,"minecraft:spruce_stairs":20,"minecraft:spruce_slab":42,"minecraft:iron_hoe":1,"minecraft:spruce_boat":1,"cfm:spruce_cabinet":8,"minecraft:bucket":1,"minecraft:enchanted_book":1,"minecraft:air":0,"cfm:spruce_chair":4,"minecraft:wooden_axe":1,"minecraft:iron_leggings":1,"minecraft:anvil":1,"minecraft:torch":92},"minecraft:killed_by":{"alexsmobs:tusklin":1,"mythicmounts:direwolf":1},"minecraft:killed":{"minecraft:cave_spider":4,"mythicmounts:dragon":1,"minecraft:spider":2,"minecraft:skeleton":10,"minecraft:silverfish":2,"orcz:goblinsavagemace":1,"minecraft:creeper":16,"spore:inf_villager":3,"spore:inf_human":2,"minecraft:zombie":6,"minecraft:stray":1,"orcz:snot":2,"spore:inf_pillager":6,"minecraft:wither_skeleton":1},"minecraft:broken":{"minecraft:wooden_axe":1},"minecraft:used":{"minecraft:iron_shovel":12,"minecraft:spruce_slab":7,"minecraft:chest":8,"minecraft:shield":41,"minecraft:iron_sword":7,"minecraft:rotten_flesh":8,"minecraft:carrot":5,"minecraft:spruce_boat":7,"minecraft:glass":14,"minecraft:lantern":8,"cfm:spruce_desk_cabinet":2,"cfm:spruce_desk":11,"minecraft:stone_bricks":48,"minecraft:furnace":1,"minecraft:potato":189,"minecraft:diorite":4,"cfm:spruce_cabinet":8,"minecraft:wooden_pickaxe":27,"minecraft:blue_bed":2,"minecraft:diamond_axe":467,"minecraft:golden_apple":6,"minecraft:shears":3,"minecraft:cyan_bed":1,"minecraft:bread":68,"minecraft:lectern":4,"useless_sword:prismarine_sword":55,"minecraft:diamond_sword":225,"minecraft:andesite":8,"minecraft:bone_meal":78,"minecraft:cobweb":48,"minecraft:iron_bars":2,"minecraft:spruce_planks":588,"minecraft:netherrack":1,"minecraft:torch":178,"minecraft:dirt":42,"minecraft:anvil":1,"minecraft:spruce_stairs":15,"minecraft:iron_hoe":171,"minecraft:wooden_axe":93,"minecraft:barrel":11,"tombstone:gift":5,"minecraft:acacia_wood":1,"minecraft:cooked_beef":9,"minecraft:water_bucket":25,"minecraft:baked_potato":3,"minecraft:fletching_table":1,"minecraft:cobblestone_slab":15,"cfm:spruce_chair":2,"minecraft:crafting_table":18,"minecraft:white_bed":4,"minecraft:spruce_log":82,"minecraft:smoker":1,"minecraft:diamond_pickaxe":844,"minecraft:apple":11,"minecraft:diamond_shovel":156,"minecraft:iron_pickaxe":145,"beautify:bookstack":2,"minecraft:spruce_trapdoor":7,"minecraft:spruce_sapling":21,"minecraft:cobblestone":51,"minecraft:potion":3,"travelersbackpack:standard":3,"minecraft:bucket":25}},"DataVersion":3465}