{"stats":{"minecraft:crafted":{"minecraft:crafting_table":1,"minecraft:spruce_planks":92,"minecraft:wooden_pickaxe":1,"minecraft:bucket":1,"minecraft:shield":1,"minecraft:stick":8,"minecraft:wooden_axe":1,"minecraft:spruce_boat":1},"minecraft:custom":{"minecraft:interact_with_furnace":1,"minecraft:mob_kills":17,"minecraft:interact_with_crafting_table":11,"minecraft:open_barrel":1,"minecraft:damage_dealt_resisted":22,"minecraft:leave_game":1,"minecraft:time_since_death":55015,"minecraft:sleep_in_bed":5,"minecraft:climb_one_cm":1025,"minecraft:time_since_rest":15424,"minecraft:sprint_one_cm":140123,"minecraft:damage_taken":1232,"minecraft:walk_one_cm":172189,"minecraft:damage_blocked_by_shield":980,"minecraft:drop":23,"minecraft:damage_dealt":3392,"minecraft:swim_one_cm":1003,"minecraft:fly_one_cm":308877,"minecraft:open_chest":64,"minecraft:crouch_one_cm":9942,"minecraft:play_time":65845,"tombstone:undead_killed":13,"minecraft:deaths":1,"minecraft:sneak_time":2831,"minecraft:walk_under_water_one_cm":528,"minecraft:jump":1142,"minecraft:walk_on_water_one_cm":1364,"minecraft:total_world_time":65845,"minecraft:fall_one_cm":26606},"minecraft:dropped":{"minecraft:enchanted_book":1,"magistuarmory:barding":1,"bountiful:bounty":1,"minecraft:golden_chestplate":1,"minecraft:glass_bottle":1,"spore:cerebrum":2,"minecraft:spruce_fence":1,"minecraft:leather_chestplate":1,"minecraft:shield":1,"minecraft:spruce_planks":48,"minecraft:chainmail_boots":1,"minecraft:bow":1,"minecraft:arrow":13,"undead_revamp2:blacpetalblock":1,"minecraft:bone":11},"minecraft:killed_by":{"alexsmobs:tusklin":1},"minecraft:mined":{"minecraft:spruce_planks":3,"minecraft:white_bed":4,"minecraft:smoker":1,"minecraft:crafting_table":4,"minecraft:torch":3,"minecraft:spruce_fence":1,"minecraft:sugar_cane":5,"minecraft:oak_planks":1,"minecraft:blue_bed":2,"minecraft:spawner":15,"minecraft:furnace":3,"minecraft:ice":39,"minecraft:spruce_log":2,"minecraft:stripped_spruce_log":5,"treechop:chopped_log":3,"minecraft:fletching_table":2,"minecraft:enchanting_table":1,"minecraft:grass":5,"minecraft:bookshelf":9,"minecraft:iron_bars":10,"minecraft:stone_bricks":4},"minecraft:used":{"minecraft:baked_potato":3,"minecraft:spruce_planks":53,"minecraft:shield":21,"minecraft:wooden_pickaxe":27,"minecraft:iron_sword":7,"minecraft:fletching_table":1,"minecraft:blue_bed":2,"minecraft:rotten_flesh":6,"minecraft:torch":52,"minecraft:crafting_table":4,"minecraft:carrot":5,"minecraft:white_bed":4,"minecraft:spruce_boat":5,"minecraft:iron_hoe":2,"minecraft:wooden_axe":46,"minecraft:apple":11,"minecraft:bread":3,"minecraft:iron_pickaxe":68,"useless_sword:prismarine_sword":55,"minecraft:stone_bricks":2,"minecraft:potion":1,"tombstone:gift":2,"minecraft:cooked_beef":3},"minecraft:picked_up":{"minecraft:enchanting_table":1,"born_in_chaos_v1:corpse_maggot":1,"minecraft:crafting_table":4,"minecraft:chainmail_boots":2,"minecraft:smoker":1,"minecraft:enchanted_book":1,"minecraft:oak_log":2,"minecraft:blue_bed":2,"tombstone:gift":1,"minecraft:bone":8,"bountiful:bounty":1,"undead_revamp2:blacpetalblock":1,"minecraft:stone_bricks":3,"minecraft:bow":2,"minecraft:spruce_planks":51,"minecraft:iron_ingot":1,"spore:mutated_fiber":4,"minecraft:fletching_table":2,"minecraft:sugar_cane":21,"minecraft:furnace":3,"minecraft:book":27,"minecraft:tipped_arrow":1,"minecraft:stick":1,"spore:cerebrum":2,"minecraft:torch":3,"minecraft:spruce_fence":1,"minecraft:stripped_spruce_log":6,"minecraft:spruce_sapling":6,"minecraft:white_bed":4,"minecraft:spruce_log":17,"minecraft:golden_chestplate":1,"minecraft:arrow":13,"minecraft:rotten_flesh":6,"minecraft:spruce_boat":5,"knightquest:small_essence":9,"minecraft:iron_bars":5},"minecraft:killed":{"minecraft:spider":1,"spore:inf_pillager":1,"minecraft:skeleton":10,"minecraft:zombie":2,"spore:inf_human":1,"minecraft:stray":1}},"DataVersion":3465}