{"stats":{"minecraft:crafted":{"minecraft:crafting_table":1,"minecraft:spruce_planks":20,"minecraft:stick":8,"minecraft:wooden_pickaxe":1,"minecraft:wooden_axe":1,"minecraft:bucket":1},"minecraft:custom":{"minecraft:time_since_rest":1800,"minecraft:sprint_one_cm":13723,"minecraft:damage_taken":120,"minecraft:walk_one_cm":21543,"minecraft:mob_kills":1,"minecraft:drop":1,"minecraft:damage_dealt":214,"minecraft:swim_one_cm":661,"minecraft:interact_with_crafting_table":8,"minecraft:fly_one_cm":59080,"minecraft:open_chest":5,"minecraft:crouch_one_cm":1981,"minecraft:play_time":7476,"minecraft:sneak_time":572,"minecraft:walk_under_water_one_cm":258,"minecraft:damage_dealt_resisted":22,"minecraft:jump":208,"minecraft:walk_on_water_one_cm":54,"minecraft:time_since_death":7476,"minecraft:sleep_in_bed":2,"minecraft:climb_one_cm":1025,"minecraft:total_world_time":7476,"minecraft:fall_one_cm":6293},"minecraft:dropped":{"minecraft:spruce_planks":16},"minecraft:mined":{"minecraft:white_bed":1,"minecraft:furnace":3,"minecraft:stripped_spruce_log":5,"minecraft:fletching_table":1,"minecraft:crafting_table":2,"minecraft:grass":5,"minecraft:spruce_fence":1,"minecraft:blue_bed":2},"minecraft:used":{"minecraft:iron_hoe":2,"minecraft:wooden_axe":8,"minecraft:wooden_pickaxe":12,"minecraft:blue_bed":1,"minecraft:rotten_flesh":1,"minecraft:crafting_table":2},"minecraft:picked_up":{"minecraft:crafting_table":2,"spore:cerebrum":1,"minecraft:spruce_fence":1,"minecraft:stripped_spruce_log":5,"minecraft:white_bed":1,"minecraft:blue_bed":2,"minecraft:rotten_flesh":1,"undead_revamp2:blacpetalblock":1,"minecraft:spruce_planks":16,"minecraft:fletching_table":1,"minecraft:furnace":3},"minecraft:killed":{"spore:inf_pillager":1}},"DataVersion":3465}