{"stats":{"minecraft:custom":{"minecraft:mob_kills":31,"minecraft:interact_with_crafting_table":19,"minecraft:open_barrel":3,"minecraft:damage_dealt_resisted":22,"minecraft:leave_game":6,"minecraft:time_since_death":63969,"minecraft:climb_one_cm":1980,"minecraft:sprint_one_cm":419568,"minecraft:walk_one_cm":450076,"minecraft:damage_blocked_by_shield":1270,"minecraft:drop":88,"minecraft:talked_to_villager":11,"minecraft:play_time":169156,"minecraft:deaths":2,"minecraft:sneak_time":5292,"minecraft:walk_under_water_one_cm":4812,"minecraft:boat_one_cm":40,"minecraft:jump":3164,"minecraft:interact_with_brewingstand":1,"minecraft:walk_on_water_one_cm":7771,"minecraft:total_world_time":169156,"minecraft:interact_with_furnace":1,"minecraft:traded_with_villager":1,"minecraft:sleep_in_bed":12,"minecraft:time_since_rest":32961,"minecraft:damage_taken":3128,"minecraft:damage_absorbed":120,"minecraft:damage_dealt":6004,"minecraft:swim_one_cm":27840,"minecraft:fly_one_cm":707962,"minecraft:open_chest":171,"minecraft:crouch_one_cm":19461,"tombstone:undead_killed":18,"minecraft:fall_one_cm":75096},"minecraft:crafted":{"minecraft:oak_planks":8,"minecraft:bone_meal":78,"minecraft:iron_boots":1,"minecraft:iron_hoe":1,"minecraft:chest":4,"minecraft:spruce_boat":1,"minecraft:crafting_table":2,"minecraft:spruce_planks":168,"minecraft:wooden_pickaxe":1,"minecraft:bucket":1,"minecraft:enchanted_book":1,"minecraft:shield":1,"minecraft:stick":28,"minecraft:wooden_axe":1,"minecraft:iron_leggings":1,"minecraft:torch":44,"minecraft:shears":1},"minecraft:dropped":{"minecraft:enchanted_book":1,"minecraft:acacia_wood":2,"minecraft:wheat_seeds":1,"minecraft:diamond_axe":3,"minecraft:cooked_beef":1,"minecraft:mossy_cobblestone":1,"minecraft:glass_bottle":4,"minecraft:crafting_table":1,"minecraft:cobblestone":3,"minecraft:glow_berries":3,"minecraft:book":3,"minecraft:cracked_stone_bricks":4,"minecraft:chainmail_helmet":2,"minecraft:stick":4,"minecraft:dirt":1,"useless_sword:prismarine_sword":1,"minecraft:iron_door":1,"minecraft:potion":1,"minecraft:iron_leggings":2,"minecraft:gold_nugget":6,"minecraft:bone_meal":42,"undead_revamp2:blacpetalblock":1,"minecraft:chainmail_leggings":2,"minecraft:redstone_block":3,"minecraft:gold_ingot":3,"minecraft:bone":13,"magistuarmory:barding":1,"bountiful:bounty":1,"minecraft:golden_chestplate":1,"minecraft:coarse_dirt":2,"minecraft:raw_copper":27,"minecraft:rotten_flesh":2,"minecraft:iron_boots":1,"spore:cerebrum":2,"minecraft:spruce_fence":1,"minecraft:leather_chestplate":1,"minecraft:shield":1,"minecraft:spruce_planks":115,"minecraft:iron_chestplate":1,"minecraft:chest":1,"orcz:squigs_claws":1,"minecraft:chainmail_boots":3,"minecraft:stone_bricks":2,"knightquest:small_essence":11,"minecraft:bow":1,"minecraft:iron_bars":13,"minecraft:arrow":13,"minecraft:stone_brick_stairs":1},"minecraft:killed_by":{"alexsmobs:tusklin":1,"mythicmounts:direwolf":1},"minecraft:mined":{"minecraft:spruce_planks":21,"minecraft:stone_pressure_plate":3,"minecraft:white_bed":4,"minecraft:mossy_cobblestone":1,"minecraft:nether_bricks":3,"minecraft:spruce_fence":1,"minecraft:grass_block":8,"minecraft:coal_block":19,"minecraft:spruce_leaves":13,"minecraft:spawner":29,"minecraft:spruce_sapling":1,"minecraft:furnace":3,"minecraft:fire":2,"minecraft:acacia_wood":3,"minecraft:andesite":8,"minecraft:stripped_spruce_log":11,"treechop:chopped_log":31,"minecraft:fletching_table":2,"minecraft:nether_brick_stairs":1,"minecraft:enchanting_table":1,"minecraft:bookshelf":9,"minecraft:potatoes":25,"minecraft:vine":3,"minecraft:deepslate_iron_ore":8,"minecraft:iron_bars":27,"minecraft:stone":20,"minecraft:podzol":2,"minecraft:redstone_block":3,"minecraft:smoker":1,"minecraft:crafting_table":7,"minecraft:torch":6,"minecraft:chest":3,"minecraft:lectern":4,"minecraft:copper_ore":2,"minecraft:cobblestone":3,"minecraft:cyan_bed":1,"minecraft:sugar_cane":6,"minecraft:oak_planks":1,"minecraft:diorite":4,"minecraft:iron_door":2,"minecraft:blue_bed":2,"minecraft:wall_torch":6,"minecraft:coarse_dirt":1,"minecraft:ice":39,"minecraft:spruce_log":29,"minecraft:stone_brick_stairs":1,"minecraft:grass":6,"minecraft:dirt":4,"minecraft:cobweb":48,"minecraft:cracked_stone_bricks":1,"minecraft:stone_bricks":4,"minecraft:netherrack":1,"minecraft:fern":6},"minecraft:broken":{"minecraft:wooden_axe":1},"minecraft:used":{"minecraft:iron_bars":2,"minecraft:iron_shovel":12,"minecraft:chest":8,"minecraft:spruce_planks":136,"minecraft:shield":27,"minecraft:iron_sword":7,"minecraft:rotten_flesh":8,"minecraft:netherrack":1,"minecraft:torch":137,"minecraft:dirt":14,"minecraft:carrot":5,"minecraft:spruce_boat":7,"minecraft:iron_hoe":89,"minecraft:wooden_axe":93,"minecraft:stone_bricks":2,"tombstone:gift":5,"minecraft:acacia_wood":1,"minecraft:cooked_beef":8,"minecraft:potato":109,"minecraft:water_bucket":5,"minecraft:diorite":4,"minecraft:baked_potato":3,"minecraft:wooden_pickaxe":27,"minecraft:fletching_table":1,"minecraft:blue_bed":2,"minecraft:diamond_axe":322,"minecraft:golden_apple":6,"minecraft:crafting_table":7,"minecraft:white_bed":4,"minecraft:shears":3,"minecraft:spruce_log":57,"minecraft:diamond_pickaxe":40,"minecraft:apple":11,"minecraft:bread":27,"minecraft:iron_pickaxe":145,"minecraft:lectern":4,"minecraft:spruce_sapling":21,"useless_sword:prismarine_sword":55,"minecraft:diamond_sword":105,"minecraft:potion":3,"minecraft:cobblestone":14,"minecraft:bucket":5,"minecraft:andesite":8,"minecraft:bone_meal":78,"minecraft:cobweb":48},"minecraft:picked_up":{"minecraft:crafting_table":7,"minecraft:iron_chestplate":3,"minecraft:coarse_dirt":2,"minecraft:chainmail_boots":3,"minecraft:redstone_block":3,"minecraft:enchanted_book":1,"minecraft:stone_brick_stairs":1,"minecraft:string":47,"minecraft:raw_copper":27,"minecraft:iron_leggings":3,"minecraft:cracked_stone_bricks":4,"minecraft:gold_nugget":6,"minecraft:spruce_planks":153,"minecraft:iron_nugget":11,"minecraft:lectern":4,"minecraft:sugar_cane":24,"minecraft:coal_block":19,"minecraft:chest":5,"minecraft:furnace":3,"minecraft:golden_helmet":1,"minecraft:tipped_arrow":1,"minecraft:stick":31,"minecraft:raw_iron":7,"minecraft:torch":87,"minecraft:spruce_fence":1,"orcz:squigs_claws":1,"minecraft:diorite":4,"minecraft:golden_chestplate":1,"minecraft:stone_pressure_plate":1,"minecraft:arrow":13,"minecraft:rotten_flesh":10,"minecraft:saddle":1,"minecraft:gold_ingot":3,"minecraft:glow_berries":3,"minecraft:iron_bars":24,"minecraft:cobblestone":17,"minecraft:enchanting_table":1,"born_in_chaos_v1:corpse_maggot":1,"minecraft:cooked_beef":1,"minecraft:iron_door":1,"minecraft:andesite":8,"minecraft:smoker":1,"minecraft:acacia_wood":3,"minecraft:potato":140,"minecraft:oak_log":2,"minecraft:blue_bed":2,"minecraft:dirt":15,"tombstone:gift":1,"minecraft:bone":36,"bountiful:bounty":1,"undead_revamp2:blacpetalblock":1,"minecraft:stone_bricks":5,"minecraft:bow":2,"minecraft:wheat_seeds":1,"minecraft:iron_ingot":7,"minecraft:cobweb":47,"spore:mutated_fiber":4,"minecraft:fletching_table":2,"minecraft:glass_bottle":2,"minecraft:book":29,"spore:cerebrum":2,"minecraft:stripped_spruce_log":12,"minecraft:spruce_sapling":80,"minecraft:white_bed":4,"minecraft:spruce_log":527,"minecraft:mossy_cobblestone":1,"minecraft:diamond":1,"minecraft:spruce_boat":6,"minecraft:chainmail_leggings":1,"knightquest:small_essence":18,"minecraft:diamond_axe":4,"minecraft:bone_meal":21,"minecraft:chainmail_helmet":1,"minecraft:bread":64,"minecraft:netherrack":1},"minecraft:killed":{"minecraft:cave_spider":4,"mythicmounts:dragon":1,"minecraft:spider":2,"minecraft:skeleton":10,"minecraft:silverfish":2,"spore:inf_pillager":1,"minecraft:zombie":6,"spore:inf_human":1,"minecraft:stray":1,"minecraft:wither_skeleton":1}},"DataVersion":3465}