{"stats":{"minecraft:crafted":{"minecraft:shield":1,"minecraft:crafting_table":1,"minecraft:spruce_planks":92,"minecraft:stick":8,"minecraft:wooden_pickaxe":1,"minecraft:wooden_axe":1,"minecraft:spruce_boat":1,"minecraft:bucket":1},"minecraft:custom":{"minecraft:time_since_rest":9895,"minecraft:sprint_one_cm":57848,"minecraft:damage_taken":270,"minecraft:walk_one_cm":53224,"minecraft:mob_kills":1,"minecraft:drop":7,"minecraft:damage_dealt":214,"minecraft:swim_one_cm":1003,"minecraft:interact_with_crafting_table":10,"minecraft:fly_one_cm":222202,"minecraft:open_chest":5,"minecraft:crouch_one_cm":3047,"minecraft:play_time":31476,"minecraft:deaths":1,"minecraft:sneak_time":792,"minecraft:walk_under_water_one_cm":380,"minecraft:damage_dealt_resisted":22,"minecraft:jump":717,"minecraft:walk_on_water_one_cm":208,"minecraft:time_since_death":20646,"minecraft:sleep_in_bed":3,"minecraft:climb_one_cm":1025,"minecraft:total_world_time":31476,"minecraft:fall_one_cm":17511},"minecraft:dropped":{"minecraft:spruce_planks":16,"spore:cerebrum":2,"minecraft:arrow":2,"undead_revamp2:blacpetalblock":1,"minecraft:spruce_fence":1,"minecraft:bone":1},"minecraft:killed_by":{"alexsmobs:tusklin":1},"minecraft:mined":{"minecraft:white_bed":2,"minecraft:furnace":3,"minecraft:smoker":1,"minecraft:spruce_log":2,"treechop:chopped_log":3,"minecraft:stripped_spruce_log":5,"minecraft:fletching_table":2,"minecraft:crafting_table":4,"minecraft:grass":5,"minecraft:spruce_fence":1,"minecraft:stone_bricks":3,"minecraft:sugar_cane":4,"minecraft:blue_bed":2},"minecraft:used":{"minecraft:spruce_boat":5,"minecraft:iron_hoe":2,"minecraft:wooden_axe":32,"minecraft:wooden_pickaxe":20,"minecraft:fletching_table":1,"minecraft:blue_bed":2,"minecraft:rotten_flesh":6,"minecraft:crafting_table":4,"minecraft:white_bed":1},"minecraft:picked_up":{"born_in_chaos_v1:corpse_maggot":1,"minecraft:stick":1,"minecraft:crafting_table":4,"spore:cerebrum":2,"minecraft:smoker":1,"minecraft:spruce_fence":1,"minecraft:spruce_sapling":6,"minecraft:stripped_spruce_log":6,"minecraft:spruce_log":17,"minecraft:white_bed":2,"minecraft:blue_bed":2,"minecraft:stone_bricks":2,"minecraft:bone":1,"minecraft:arrow":2,"minecraft:rotten_flesh":6,"undead_revamp2:blacpetalblock":1,"minecraft:spruce_boat":5,"minecraft:spruce_planks":16,"minecraft:iron_ingot":1,"knightquest:small_essence":1,"spore:mutated_fiber":4,"minecraft:fletching_table":2,"minecraft:sugar_cane":11,"minecraft:furnace":3},"minecraft:killed":{"spore:inf_pillager":1}},"DataVersion":3465}