{"stats":{"minecraft:custom":{"minecraft:interact_with_anvil":4,"minecraft:mob_kills":34,"minecraft:interact_with_crafting_table":24,"minecraft:open_barrel":3,"minecraft:damage_dealt_resisted":22,"minecraft:leave_game":6,"minecraft:time_since_death":105969,"minecraft:climb_one_cm":1980,"minecraft:sprint_one_cm":477105,"minecraft:walk_one_cm":534698,"minecraft:damage_blocked_by_shield":1290,"minecraft:drop":101,"minecraft:talked_to_villager":13,"minecraft:play_time":211156,"minecraft:deaths":2,"minecraft:sneak_time":8146,"minecraft:walk_under_water_one_cm":8227,"minecraft:boat_one_cm":40,"minecraft:jump":3828,"minecraft:interact_with_brewingstand":1,"minecraft:walk_on_water_one_cm":13940,"minecraft:total_world_time":211156,"minecraft:interact_with_furnace":9,"minecraft:traded_with_villager":1,"minecraft:sleep_in_bed":16,"minecraft:time_since_rest":14142,"minecraft:damage_taken":3723,"minecraft:damage_absorbed":120,"minecraft:damage_dealt":6164,"minecraft:swim_one_cm":31691,"minecraft:fly_one_cm":810757,"minecraft:open_chest":195,"minecraft:crouch_one_cm":29736,"tombstone:undead_killed":18,"minecraft:fall_one_cm":97607},"minecraft:crafted":{"minecraft:oak_planks":8,"minecraft:cobblestone_slab":12,"minecraft:bone_meal":78,"minecraft:glass":32,"minecraft:iron_boots":1,"minecraft:iron_hoe":1,"minecraft:chest":4,"minecraft:spruce_boat":1,"minecraft:crafting_table":3,"minecraft:spruce_planks":168,"minecraft:wooden_pickaxe":1,"minecraft:bucket":1,"minecraft:enchanted_book":1,"minecraft:air":0,"minecraft:shield":1,"minecraft:stick":28,"minecraft:iron_ingot":12,"minecraft:wooden_axe":1,"minecraft:iron_block":3,"minecraft:iron_leggings":1,"minecraft:anvil":1,"minecraft:torch":44,"minecraft:shears":1},"minecraft:dropped":{"minecraft:enchanted_book":1,"minecraft:acacia_wood":2,"minecraft:wheat_seeds":1,"minecraft:diamond_axe":3,"minecraft:cooked_beef":1,"minecraft:mossy_cobblestone":1,"minecraft:glass_bottle":4,"minecraft:crafting_table":1,"minecraft:cobblestone":3,"minecraft:glow_berries":3,"minecraft:book":3,"orcz:blue_orcshroom":1,"orcz:orcagaric":1,"minecraft:granite":1,"minecraft:cracked_stone_bricks":4,"minecraft:chainmail_helmet":2,"minecraft:stick":6,"minecraft:dirt":2,"useless_sword:prismarine_sword":1,"minecraft:torch":61,"minecraft:iron_door":1,"minecraft:potion":1,"minecraft:iron_leggings":2,"minecraft:gold_nugget":6,"minecraft:bone_meal":42,"undead_revamp2:blacpetalblock":1,"minecraft:chainmail_leggings":2,"create:raw_zinc":4,"minecraft:spruce_sapling":1,"minecraft:redstone_block":3,"minecraft:gold_ingot":3,"minecraft:bone":13,"magistuarmory:barding":1,"bountiful:bounty":1,"minecraft:golden_chestplate":1,"minecraft:coarse_dirt":2,"minecraft:raw_copper":27,"steam_powered:raw_zinc":7,"minecraft:rotten_flesh":2,"minecraft:iron_boots":1,"spore:cerebrum":2,"orcz:orcshroom":1,"minecraft:spruce_fence":1,"minecraft:leather_chestplate":1,"steam_powered:raw_tin":2,"minecraft:shield":1,"minecraft:spruce_planks":115,"minecraft:iron_chestplate":1,"minecraft:chest":1,"orcz:squigs_claws":1,"minecraft:chainmail_boots":3,"minecraft:stone_bricks":2,"knightquest:small_essence":11,"minecraft:bow":1,"minecraft:iron_bars":13,"minecraft:arrow":13,"minecraft:glass":32,"minecraft:stone_brick_stairs":1},"minecraft:killed_by":{"alexsmobs:tusklin":1,"mythicmounts:direwolf":1},"minecraft:mined":{"create:zinc_ore":4,"minecraft:spruce_planks":61,"minecraft:stone_pressure_plate":3,"minecraft:white_bed":4,"minecraft:mossy_cobblestone":1,"minecraft:granite":1,"minecraft:nether_bricks":3,"minecraft:spruce_fence":1,"minecraft:grass_block":10,"minecraft:coal_block":19,"minecraft:spruce_leaves":13,"steam_powered:tin_ore":2,"minecraft:spawner":29,"steam_powered:zinc_ore":6,"minecraft:spruce_sapling":1,"minecraft:furnace":3,"minecraft:fire":2,"minecraft:acacia_wood":3,"minecraft:andesite":11,"minecraft:stripped_spruce_log":11,"treechop:chopped_log":32,"minecraft:fletching_table":2,"minecraft:nether_brick_stairs":1,"minecraft:enchanting_table":1,"minecraft:cobblestone_slab":6,"minecraft:bookshelf":9,"minecraft:potatoes":25,"minecraft:vine":3,"minecraft:deepslate_iron_ore":8,"minecraft:iron_bars":27,"minecraft:stone":294,"minecraft:podzol":2,"minecraft:redstone_block":3,"minecraft:smoker":1,"minecraft:crafting_table":7,"minecraft:torch":8,"minecraft:chest":3,"minecraft:lectern":4,"minecraft:copper_ore":2,"minecraft:cobblestone":21,"minecraft:cyan_bed":2,"minecraft:sugar_cane":6,"minecraft:oak_planks":1,"minecraft:diorite":31,"minecraft:iron_door":2,"minecraft:blue_bed":2,"minecraft:wall_torch":12,"minecraft:coarse_dirt":1,"minecraft:ice":39,"minecraft:spruce_log":29,"minecraft:stone_brick_stairs":1,"minecraft:grass":6,"orcz:blue_orcshroom":1,"minecraft:sand":40,"minecraft:dirt":70,"minecraft:cobweb":48,"minecraft:cracked_stone_bricks":1,"minecraft:stone_bricks":4,"minecraft:netherrack":1,"minecraft:fern":6},"minecraft:broken":{"minecraft:wooden_axe":1},"minecraft:used":{"minecraft:iron_bars":2,"minecraft:iron_shovel":12,"minecraft:chest":8,"minecraft:spruce_planks":149,"minecraft:shield":29,"minecraft:iron_sword":7,"minecraft:rotten_flesh":8,"minecraft:netherrack":1,"minecraft:torch":151,"minecraft:dirt":42,"minecraft:anvil":1,"minecraft:carrot":5,"minecraft:spruce_boat":7,"minecraft:iron_hoe":89,"minecraft:wooden_axe":93,"minecraft:stone_bricks":2,"tombstone:gift":5,"minecraft:acacia_wood":1,"minecraft:cooked_beef":8,"minecraft:potato":109,"minecraft:water_bucket":15,"minecraft:diorite":4,"minecraft:baked_potato":3,"minecraft:wooden_pickaxe":27,"minecraft:cobblestone_slab":14,"minecraft:fletching_table":1,"minecraft:blue_bed":2,"minecraft:diamond_axe":370,"minecraft:golden_apple":6,"minecraft:crafting_table":8,"minecraft:white_bed":4,"minecraft:shears":3,"minecraft:spruce_log":58,"minecraft:diamond_pickaxe":383,"minecraft:apple":11,"minecraft:diamond_shovel":107,"minecraft:bread":42,"minecraft:iron_pickaxe":145,"minecraft:lectern":4,"minecraft:spruce_sapling":21,"useless_sword:prismarine_sword":55,"minecraft:diamond_sword":109,"minecraft:potion":3,"minecraft:cobblestone":40,"minecraft:bucket":15,"minecraft:andesite":8,"minecraft:bone_meal":78,"minecraft:cobweb":48},"minecraft:picked_up":{"minecraft:crafting_table":7,"minecraft:iron_chestplate":3,"minecraft:coarse_dirt":2,"minecraft:chainmail_boots":3,"minecraft:redstone_block":3,"minecraft:enchanted_book":1,"minecraft:stone_brick_stairs":1,"minecraft:string":47,"minecraft:raw_copper":27,"minecraft:iron_leggings":3,"minecraft:cracked_stone_bricks":4,"minecraft:gold_nugget":6,"minecraft:spruce_planks":265,"steam_powered:raw_zinc":7,"minecraft:cobblestone_slab":7,"minecraft:iron_nugget":11,"minecraft:lectern":4,"minecraft:sugar_cane":24,"minecraft:coal_block":19,"minecraft:chest":5,"minecraft:furnace":3,"minecraft:golden_helmet":1,"minecraft:tipped_arrow":1,"minecraft:stick":33,"minecraft:raw_iron":7,"minecraft:torch":102,"minecraft:spruce_fence":1,"orcz:squigs_claws":1,"minecraft:diorite":31,"minecraft:golden_chestplate":1,"minecraft:stone_pressure_plate":1,"minecraft:arrow":13,"minecraft:rotten_flesh":10,"orcz:orcshroom":1,"minecraft:saddle":1,"minecraft:gold_ingot":3,"minecraft:glow_berries":3,"minecraft:iron_bars":24,"minecraft:cobblestone":290,"minecraft:enchanting_table":1,"born_in_chaos_v1:corpse_maggot":1,"minecraft:cooked_beef":1,"minecraft:iron_door":1,"minecraft:andesite":11,"minecraft:smoker":1,"minecraft:acacia_wood":3,"minecraft:potato":140,"create:raw_zinc":4,"minecraft:oak_log":2,"minecraft:blue_bed":2,"minecraft:dirt":77,"tombstone:gift":1,"minecraft:bone":36,"bountiful:bounty":1,"undead_revamp2:blacpetalblock":1,"minecraft:stone_bricks":5,"minecraft:bow":2,"minecraft:wheat_seeds":1,"minecraft:iron_ingot":7,"minecraft:cobweb":47,"spore:mutated_fiber":4,"minecraft:fletching_table":2,"minecraft:glass_bottle":2,"minecraft:book":29,"spore:cerebrum":2,"orcz:orcagaric":1,"orcz:blue_orcshroom":1,"minecraft:sand":40,"minecraft:stripped_spruce_log":12,"minecraft:spruce_sapling":81,"minecraft:cyan_bed":1,"minecraft:white_bed":4,"minecraft:spruce_log":534,"minecraft:mossy_cobblestone":1,"minecraft:diamond":1,"minecraft:spruce_boat":6,"minecraft:granite":1,"steam_powered:raw_tin":2,"minecraft:chainmail_leggings":1,"knightquest:small_essence":18,"minecraft:diamond_axe":4,"minecraft:bone_meal":21,"minecraft:chainmail_helmet":1,"minecraft:bread":64,"orcz:ironscrap":1,"minecraft:netherrack":1},"minecraft:killed":{"minecraft:cave_spider":4,"mythicmounts:dragon":1,"minecraft:spider":2,"minecraft:skeleton":10,"minecraft:silverfish":2,"orcz:goblinsavagemace":1,"spore:inf_pillager":1,"minecraft:zombie":6,"spore:inf_human":1,"minecraft:stray":1,"orcz:snot":2,"minecraft:wither_skeleton":1}},"DataVersion":3465}