{"stats":{"minecraft:crafted":{"minecraft:oak_planks":8,"minecraft:crafting_table":2,"minecraft:spruce_planks":92,"minecraft:wooden_pickaxe":1,"minecraft:bucket":1,"minecraft:iron_boots":1,"minecraft:shield":1,"minecraft:stick":24,"minecraft:wooden_axe":1,"minecraft:iron_leggings":1,"minecraft:spruce_boat":1,"minecraft:torch":44},"minecraft:custom":{"minecraft:interact_with_furnace":1,"minecraft:mob_kills":22,"minecraft:interact_with_crafting_table":13,"minecraft:open_barrel":1,"minecraft:damage_dealt_resisted":22,"minecraft:leave_game":4,"minecraft:time_since_death":76073,"minecraft:sleep_in_bed":5,"minecraft:climb_one_cm":1105,"minecraft:time_since_rest":36482,"minecraft:sprint_one_cm":196037,"minecraft:damage_absorbed":40,"minecraft:damage_taken":1680,"minecraft:walk_one_cm":209479,"minecraft:damage_blocked_by_shield":1000,"minecraft:drop":39,"minecraft:damage_dealt":3932,"minecraft:swim_one_cm":25317,"minecraft:fly_one_cm":420934,"minecraft:open_chest":76,"minecraft:crouch_one_cm":11237,"minecraft:play_time":86903,"tombstone:undead_killed":14,"minecraft:deaths":1,"minecraft:sneak_time":3203,"minecraft:walk_under_water_one_cm":4237,"minecraft:jump":1586,"minecraft:walk_on_water_one_cm":5608,"minecraft:total_world_time":86903,"minecraft:fall_one_cm":39205},"minecraft:dropped":{"minecraft:enchanted_book":1,"magistuarmory:barding":1,"bountiful:bounty":1,"minecraft:cooked_beef":1,"minecraft:golden_chestplate":1,"minecraft:raw_copper":27,"minecraft:mossy_cobblestone":1,"minecraft:glass_bottle":2,"minecraft:crafting_table":1,"spore:cerebrum":2,"minecraft:spruce_fence":1,"minecraft:leather_chestplate":1,"minecraft:shield":1,"minecraft:spruce_planks":74,"minecraft:chainmail_boots":3,"minecraft:bone_meal":42,"minecraft:bow":1,"minecraft:arrow":13,"undead_revamp2:blacpetalblock":1,"minecraft:chainmail_leggings":2,"minecraft:stone_brick_stairs":1,"minecraft:bone":11},"minecraft:killed_by":{"alexsmobs:tusklin":1},"minecraft:mined":{"minecraft:spruce_planks":6,"minecraft:white_bed":4,"minecraft:mossy_cobblestone":1,"minecraft:smoker":1,"minecraft:crafting_table":5,"minecraft:torch":4,"minecraft:grass_block":1,"minecraft:spruce_fence":1,"minecraft:copper_ore":2,"minecraft:spruce_leaves":2,"minecraft:sugar_cane":6,"minecraft:oak_planks":1,"minecraft:diorite":4,"minecraft:wall_torch":5,"minecraft:blue_bed":2,"minecraft:spawner":21,"minecraft:coarse_dirt":1,"minecraft:furnace":3,"minecraft:ice":39,"minecraft:spruce_log":2,"minecraft:andesite":8,"minecraft:stripped_spruce_log":5,"treechop:chopped_log":3,"minecraft:fletching_table":2,"minecraft:stone_brick_stairs":1,"minecraft:enchanting_table":1,"minecraft:grass":5,"minecraft:bookshelf":9,"minecraft:vine":1,"minecraft:iron_bars":12,"minecraft:dirt":3,"minecraft:stone":19,"minecraft:stone_bricks":4},"minecraft:used":{"minecraft:water_bucket":1,"minecraft:diorite":4,"minecraft:iron_shovel":5,"minecraft:baked_potato":3,"minecraft:shield":23,"minecraft:spruce_planks":69,"minecraft:wooden_pickaxe":27,"minecraft:iron_sword":7,"minecraft:fletching_table":1,"minecraft:blue_bed":2,"minecraft:rotten_flesh":8,"minecraft:torch":79,"minecraft:golden_apple":2,"minecraft:dirt":4,"minecraft:crafting_table":5,"minecraft:carrot":5,"minecraft:white_bed":4,"minecraft:spruce_boat":6,"minecraft:iron_hoe":2,"minecraft:wooden_axe":50,"minecraft:apple":11,"minecraft:bread":3,"minecraft:iron_pickaxe":111,"useless_sword:prismarine_sword":55,"minecraft:stone_bricks":2,"minecraft:diamond_sword":10,"minecraft:potion":2,"minecraft:cobblestone":14,"minecraft:bucket":2,"minecraft:andesite":8,"tombstone:gift":2,"minecraft:cooked_beef":7},"minecraft:picked_up":{"minecraft:enchanting_table":1,"born_in_chaos_v1:corpse_maggot":1,"minecraft:coarse_dirt":1,"minecraft:crafting_table":5,"minecraft:cooked_beef":1,"minecraft:chainmail_boots":3,"minecraft:andesite":8,"minecraft:smoker":1,"minecraft:enchanted_book":1,"minecraft:stone_brick_stairs":1,"minecraft:oak_log":2,"minecraft:dirt":4,"minecraft:blue_bed":2,"tombstone:gift":1,"minecraft:raw_copper":27,"minecraft:bone":8,"bountiful:bounty":1,"minecraft:stone_bricks":3,"undead_revamp2:blacpetalblock":1,"minecraft:bow":2,"minecraft:spruce_planks":93,"minecraft:iron_ingot":1,"minecraft:fletching_table":2,"spore:mutated_fiber":4,"minecraft:glass_bottle":1,"minecraft:sugar_cane":24,"minecraft:furnace":3,"minecraft:book":27,"minecraft:tipped_arrow":1,"minecraft:stick":1,"spore:cerebrum":2,"minecraft:torch":9,"minecraft:spruce_fence":1,"minecraft:stripped_spruce_log":6,"minecraft:spruce_sapling":6,"minecraft:white_bed":4,"minecraft:diorite":4,"minecraft:spruce_log":17,"minecraft:golden_chestplate":1,"minecraft:mossy_cobblestone":1,"minecraft:arrow":13,"minecraft:rotten_flesh":7,"minecraft:spruce_boat":6,"minecraft:chainmail_leggings":1,"knightquest:small_essence":12,"minecraft:bone_meal":21,"minecraft:iron_bars":5,"minecraft:cobblestone":14},"minecraft:killed":{"minecraft:cave_spider":2,"minecraft:spider":1,"spore:inf_pillager":1,"minecraft:skeleton":10,"minecraft:zombie":3,"spore:inf_human":1,"minecraft:stray":1,"minecraft:silverfish":2}},"DataVersion":3465}