{"stats":{"minecraft:custom":{"minecraft:interact_with_anvil":4,"minecraft:mob_kills":47,"minecraft:interact_with_crafting_table":39,"minecraft:open_barrel":3,"minecraft:damage_dealt_resisted":22,"minecraft:leave_game":7,"minecraft:time_since_death":141655,"minecraft:climb_one_cm":1980,"minecraft:sprint_one_cm":532964,"minecraft:walk_one_cm":654056,"minecraft:damage_blocked_by_shield":1660,"minecraft:drop":115,"minecraft:talked_to_villager":13,"minecraft:play_time":246842,"minecraft:deaths":2,"minecraft:sneak_time":11334,"minecraft:walk_under_water_one_cm":11977,"minecraft:boat_one_cm":40,"minecraft:jump":4252,"minecraft:interact_with_brewingstand":1,"minecraft:walk_on_water_one_cm":28152,"minecraft:total_world_time":246842,"minecraft:interact_with_furnace":24,"minecraft:traded_with_villager":1,"minecraft:sleep_in_bed":17,"minecraft:time_since_rest":31276,"minecraft:damage_taken":4391,"minecraft:damage_absorbed":120,"minecraft:damage_dealt":8442,"minecraft:swim_one_cm":32593,"minecraft:fly_one_cm":864495,"minecraft:open_chest":218,"minecraft:crouch_one_cm":38726,"tombstone:undead_killed":18,"minecraft:fall_one_cm":109942},"minecraft:crafted":{"minecraft:oak_planks":8,"minecraft:cobblestone_slab":12,"minecraft:iron_nugget":45,"minecraft:furnace":1,"minecraft:stone":64,"minecraft:bone_meal":78,"minecraft:glass":32,"minecraft:lantern":5,"minecraft:spruce_stairs":20,"minecraft:iron_boots":1,"minecraft:spruce_slab":12,"minecraft:iron_hoe":1,"minecraft:chest":4,"minecraft:spruce_boat":1,"minecraft:stone_bricks":64,"minecraft:crafting_table":4,"minecraft:spruce_planks":516,"minecraft:wooden_pickaxe":1,"minecraft:bucket":1,"minecraft:enchanted_book":1,"minecraft:air":0,"minecraft:shield":1,"minecraft:stick":40,"minecraft:iron_ingot":12,"minecraft:wooden_axe":1,"minecraft:iron_block":3,"minecraft:iron_leggings":1,"minecraft:anvil":1,"minecraft:torch":92,"minecraft:shears":1},"minecraft:dropped":{"minecraft:enchanted_book":1,"spore:spine_fragment":3,"minecraft:acacia_wood":2,"minecraft:wheat_seeds":1,"minecraft:diamond_axe":4,"minecraft:cooked_beef":1,"minecraft:mossy_cobblestone":1,"minecraft:glass_bottle":4,"minecraft:crafting_table":1,"minecraft:cobblestone":3,"minecraft:glow_berries":3,"minecraft:book":3,"orcz:blue_orcshroom":1,"orcz:orcagaric":1,"minecraft:granite":6,"minecraft:cracked_stone_bricks":4,"minecraft:chainmail_helmet":2,"minecraft:stick":6,"minecraft:dirt":18,"useless_sword:prismarine_sword":1,"minecraft:diorite":31,"minecraft:torch":61,"minecraft:iron_door":1,"minecraft:potion":1,"minecraft:iron_leggings":2,"minecraft:gold_nugget":6,"minecraft:bone_meal":42,"spore:mutated_heart":1,"undead_revamp2:blacpetalblock":1,"minecraft:chainmail_leggings":2,"create:raw_zinc":4,"minecraft:spruce_sapling":1,"minecraft:redstone_block":3,"minecraft:gold_ingot":3,"minecraft:bone":13,"magistuarmory:barding":1,"bountiful:bounty":1,"minecraft:golden_chestplate":1,"minecraft:coarse_dirt":2,"minecraft:raw_copper":27,"steam_powered:raw_zinc":19,"minecraft:rotten_flesh":2,"minecraft:iron_boots":1,"spore:cerebrum":3,"spore:mutated_fiber":21,"orcz:orcshroom":1,"minecraft:spruce_fence":1,"minecraft:leather_chestplate":1,"steam_powered:raw_tin":2,"minecraft:shield":1,"minecraft:gunpowder":3,"minecraft:spruce_planks":115,"minecraft:iron_chestplate":1,"minecraft:andesite":13,"minecraft:chest":1,"orcz:squigs_claws":1,"minecraft:chainmail_boots":3,"minecraft:stone_bricks":2,"knightquest:small_essence":11,"minecraft:bow":1,"minecraft:iron_bars":13,"minecraft:arrow":13,"minecraft:glass":32,"minecraft:stone_brick_stairs":1},"minecraft:killed_by":{"alexsmobs:tusklin":1,"mythicmounts:direwolf":1},"minecraft:mined":{"create:zinc_ore":6,"minecraft:spruce_planks":89,"minecraft:stone_pressure_plate":3,"minecraft:white_bed":4,"minecraft:mossy_cobblestone":1,"minecraft:granite":13,"minecraft:nether_bricks":3,"minecraft:spruce_fence":1,"minecraft:grass_block":15,"minecraft:coal_block":19,"minecraft:spruce_leaves":13,"spore:growths_small":1,"steam_powered:tin_ore":2,"minecraft:spawner":29,"steam_powered:zinc_ore":16,"minecraft:spruce_sapling":1,"minecraft:furnace":3,"minecraft:fire":2,"minecraft:acacia_wood":3,"minecraft:andesite":37,"minecraft:stripped_spruce_log":11,"treechop:chopped_log":32,"minecraft:fletching_table":2,"minecraft:nether_brick_stairs":1,"minecraft:enchanting_table":1,"minecraft:cobblestone_slab":15,"minecraft:bookshelf":9,"minecraft:potatoes":25,"minecraft:vine":3,"minecraft:deepslate_iron_ore":8,"minecraft:iron_bars":27,"minecraft:stone":572,"minecraft:spruce_slab":2,"minecraft:podzol":2,"minecraft:redstone_block":3,"minecraft:smoker":1,"spore:growths_big":1,"minecraft:crafting_table":9,"minecraft:torch":8,"minecraft:chest":3,"minecraft:lectern":4,"minecraft:copper_ore":2,"minecraft:cobblestone":59,"minecraft:cyan_bed":2,"minecraft:sugar_cane":6,"minecraft:oak_planks":1,"minecraft:diorite":60,"minecraft:iron_door":2,"minecraft:blue_bed":2,"minecraft:wall_torch":25,"minecraft:spruce_stairs":2,"minecraft:coarse_dirt":1,"minecraft:ice":39,"minecraft:spruce_log":30,"minecraft:stone_brick_stairs":1,"minecraft:grass":6,"orcz:blue_orcshroom":1,"minecraft:sand":40,"minecraft:dirt":116,"minecraft:cobweb":48,"minecraft:cracked_stone_bricks":1,"minecraft:stone_bricks":5,"minecraft:netherrack":1,"spore:remains":1,"minecraft:fern":6},"minecraft:broken":{"minecraft:wooden_axe":1},"minecraft:used":{"minecraft:iron_bars":2,"minecraft:iron_shovel":12,"minecraft:spruce_slab":7,"minecraft:chest":8,"minecraft:spruce_planks":532,"minecraft:shield":41,"minecraft:iron_sword":7,"minecraft:rotten_flesh":8,"minecraft:netherrack":1,"minecraft:torch":171,"minecraft:dirt":42,"minecraft:anvil":1,"minecraft:spruce_stairs":14,"minecraft:carrot":5,"minecraft:glass":14,"minecraft:spruce_boat":7,"minecraft:iron_hoe":89,"minecraft:wooden_axe":93,"minecraft:lantern":2,"minecraft:stone_bricks":39,"minecraft:furnace":1,"tombstone:gift":5,"minecraft:acacia_wood":1,"minecraft:cooked_beef":8,"minecraft:potato":109,"minecraft:water_bucket":20,"minecraft:diorite":4,"minecraft:baked_potato":3,"minecraft:wooden_pickaxe":27,"minecraft:cobblestone_slab":15,"minecraft:fletching_table":1,"minecraft:blue_bed":2,"minecraft:diamond_axe":424,"minecraft:golden_apple":6,"minecraft:crafting_table":11,"minecraft:white_bed":4,"minecraft:shears":3,"minecraft:spruce_log":79,"minecraft:diamond_pickaxe":796,"minecraft:apple":11,"minecraft:diamond_shovel":153,"minecraft:bread":58,"minecraft:iron_pickaxe":145,"minecraft:lectern":4,"minecraft:spruce_sapling":21,"useless_sword:prismarine_sword":55,"minecraft:diamond_sword":149,"minecraft:potion":3,"minecraft:cobblestone":51,"minecraft:bucket":20,"minecraft:andesite":8,"minecraft:bone_meal":78,"minecraft:cobweb":48},"minecraft:picked_up":{"spore:mutated_heart":1,"minecraft:crafting_table":9,"minecraft:iron_chestplate":3,"minecraft:coarse_dirt":2,"minecraft:chainmail_boots":3,"minecraft:redstone_block":3,"minecraft:enchanted_book":1,"minecraft:stone_brick_stairs":1,"minecraft:string":47,"minecraft:raw_copper":27,"minecraft:iron_leggings":3,"minecraft:cracked_stone_bricks":4,"minecraft:gold_nugget":6,"minecraft:spruce_planks":293,"steam_powered:raw_zinc":23,"minecraft:cobblestone_slab":17,"minecraft:iron_nugget":11,"minecraft:spruce_slab":2,"minecraft:lectern":4,"minecraft:sugar_cane":24,"minecraft:coal_block":19,"minecraft:chest":5,"minecraft:furnace":3,"minecraft:golden_helmet":1,"minecraft:tipped_arrow":1,"minecraft:stick":33,"minecraft:raw_iron":7,"minecraft:torch":127,"minecraft:spruce_stairs":2,"minecraft:spruce_fence":1,"orcz:squigs_claws":1,"minecraft:diorite":58,"minecraft:golden_chestplate":1,"minecraft:stone_pressure_plate":1,"minecraft:arrow":13,"minecraft:rotten_flesh":10,"orcz:orcshroom":1,"minecraft:saddle":1,"minecraft:gold_ingot":3,"minecraft:glow_berries":3,"minecraft:iron_bars":24,"minecraft:cobblestone":584,"minecraft:enchanting_table":1,"born_in_chaos_v1:corpse_maggot":1,"minecraft:cooked_beef":1,"minecraft:iron_door":1,"minecraft:andesite":37,"minecraft:smoker":1,"minecraft:acacia_wood":3,"minecraft:potato":140,"create:raw_zinc":5,"minecraft:oak_log":2,"minecraft:gunpowder":3,"minecraft:blue_bed":2,"minecraft:dirt":132,"tombstone:gift":1,"minecraft:bone":36,"bountiful:bounty":1,"undead_revamp2:blacpetalblock":1,"minecraft:stone_bricks":6,"minecraft:bow":2,"minecraft:wheat_seeds":1,"minecraft:iron_ingot":7,"minecraft:cobweb":47,"spore:mutated_fiber":25,"minecraft:fletching_table":2,"minecraft:glass_bottle":2,"minecraft:book":29,"spore:cerebrum":3,"orcz:orcagaric":1,"orcz:blue_orcshroom":1,"minecraft:sand":40,"minecraft:stripped_spruce_log":12,"minecraft:spruce_sapling":81,"minecraft:cyan_bed":1,"minecraft:white_bed":4,"minecraft:spruce_log":535,"minecraft:mossy_cobblestone":1,"minecraft:diamond":1,"minecraft:spruce_boat":6,"minecraft:granite":14,"steam_powered:raw_tin":2,"minecraft:chainmail_leggings":1,"knightquest:small_essence":18,"minecraft:diamond_axe":5,"minecraft:bone_meal":21,"minecraft:chainmail_helmet":1,"minecraft:bread":64,"spore:spine_fragment":3,"orcz:ironscrap":1,"minecraft:netherrack":1},"minecraft:killed":{"minecraft:cave_spider":4,"mythicmounts:dragon":1,"minecraft:spider":2,"minecraft:skeleton":10,"minecraft:silverfish":2,"orcz:goblinsavagemace":1,"minecraft:creeper":3,"spore:inf_pillager":6,"spore:inf_villager":3,"minecraft:zombie":6,"spore:inf_human":2,"minecraft:stray":1,"orcz:snot":2,"minecraft:wither_skeleton":1}},"DataVersion":3465}